handle,slug,model_code,title,product_type,style_family,finish,material,base_price,price_unit,short_description,long_description,roll_width_cm,thickness_mm,sample_available,installation_available,is_active,sort_order,shopify_product_id
ipw560,ipw560,IPW560,אבן בהירה חם,wallpaper,אבן / שיש / בטון,טקסטורת אבן,ציפוי פולימרי בהדבקה עצמית,119,meter,"אבן בהירה חם IPW560: אבן בהירה בגוון חם ורך. טפט בהדבקה עצמית, עבה ועמיד, עם שכבת הגנה מפני שריטות ודהיית צבע. מתאים להתקנה עצמית.","אבן בהירה חם (IPW560) הוא אבן בהירה בגוון חם ורך. מראה של אבן, בטון או טיח עם תנועה עדינה בטקסטורה, שנותן למשטח נוכחות בלי המשקל והמחיר של חומר אמיתי.

הטפט מתאים לדלתות, לחזיתות מטבח, למקררים, למשטחי שיש, לקירות ולארונות חשמל. בכל לשונית בעמוד תמצאו הדמיה, מחיר והנחיות שמתאימות למשטח שבחרתם.

זה ציפוי פולימרי עבה ועמיד בהדבקה עצמית, עם שכבת הגנה מפני שריטות ודהיית צבע. מדביקים אותו ישירות על המשטח הקיים, בלי לפרק ובלי להחליף.

המוצר מתאים להתקנה עצמית: מודדים, מזמינים ומדביקים בבית עם קלף וסכין יפנית. מעדיפים שנעשה את זה בשבילכם? אפשר להוסיף התקנה מקצועית בהזמנה.",,,true,true,true,1,
ipw561,ipw561,IPW561,אבן בהירה קר,wallpaper,אבן / שיש / בטון,טקסטורת אבן,ציפוי פולימרי בהדבקה עצמית,119,meter,"אבן בהירה קר IPW561: אבן בהירה בגוון קריר ונקי. טפט בהדבקה עצמית, עבה ועמיד, עם שכבת הגנה מפני שריטות ודהיית צבע. מתאים להתקנה עצמית.","אבן בהירה קר (IPW561) הוא אבן בהירה בגוון קריר ונקי. מראה של אבן, בטון או טיח עם תנועה עדינה בטקסטורה, שנותן למשטח נוכחות בלי המשקל והמחיר של חומר אמיתי.

הטפט מתאים לדלתות, לחזיתות מטבח, למקררים, למשטחי שיש, לקירות ולארונות חשמל. בכל לשונית בעמוד תמצאו הדמיה, מחיר והנחיות שמתאימות למשטח שבחרתם.

זה ציפוי פולימרי עבה ועמיד בהדבקה עצמית, עם שכבת הגנה מפני שריטות ודהיית צבע. מדביקים אותו ישירות על המשטח הקיים, בלי לפרק ובלי להחליף.

המוצר מתאים להתקנה עצמית: מודדים, מזמינים ומדביקים בבית עם קלף וסכין יפנית. מעדיפים שנעשה את זה בשבילכם? אפשר להוסיף התקנה מקצועית בהזמנה.",,,true,true,true,2,
sip653,sip653,SIP653,אבן חול,wallpaper,אבן / שיש / בטון,טקסטורת אבן,ציפוי פולימרי בהדבקה עצמית,119,meter,"אבן חול SIP653: אבן בגוון חול טבעי. טפט בהדבקה עצמית, עבה ועמיד, עם שכבת הגנה מפני שריטות ודהיית צבע. מתאים להתקנה עצמית.","אבן חול (SIP653) הוא אבן בגוון חול טבעי. מראה של אבן, בטון או טיח עם תנועה עדינה בטקסטורה, שנותן למשטח נוכחות בלי המשקל והמחיר של חומר אמיתי.

הטפט מתאים לדלתות, לחזיתות מטבח, למקררים, למשטחי שיש, לקירות ולארונות חשמל. בכל לשונית בעמוד תמצאו הדמיה, מחיר והנחיות שמתאימות למשטח שבחרתם.

זה ציפוי פולימרי עבה ועמיד בהדבקה עצמית, עם שכבת הגנה מפני שריטות ודהיית צבע. מדביקים אותו ישירות על המשטח הקיים, בלי לפרק ובלי להחליף.

המוצר מתאים להתקנה עצמית: מודדים, מזמינים ומדביקים בבית עם קלף וסכין יפנית. מעדיפים שנעשה את זה בשבילכם? אפשר להוסיף התקנה מקצועית בהזמנה.",,,true,true,true,3,
sd986,sd986,SD986,אפור,wallpaper,חלק ונקי,מט,ציפוי פולימרי בהדבקה עצמית,119,meter,"אפור SD986: אפור בינוני ומאוזן במראה מט. טפט בהדבקה עצמית, עבה ועמיד, עם שכבת הגנה מפני שריטות ודהיית צבע. מתאים להתקנה עצמית.","אפור (SD986) הוא אפור בינוני ומאוזן במראה מט. גוון אחיד ונקי שמשתלב בקלות בכל חלל, ונותן למשטח ישן מראה חדש ומסודר.

הטפט מתאים לדלתות, לחזיתות מטבח, למקררים, למשטחי שיש, לקירות ולארונות חשמל. בכל לשונית בעמוד תמצאו הדמיה, מחיר והנחיות שמתאימות למשטח שבחרתם.

זה ציפוי פולימרי עבה ועמיד בהדבקה עצמית, עם שכבת הגנה מפני שריטות ודהיית צבע. מדביקים אותו ישירות על המשטח הקיים, בלי לפרק ובלי להחליף.

המוצר מתאים להתקנה עצמית: מודדים, מזמינים ומדביקים בבית עם קלף וסכין יפנית. מעדיפים שנעשה את זה בשבילכם? אפשר להוסיף התקנה מקצועית בהזמנה.",,,true,true,true,4,
sd920,sd920,SD920,אפור בהיר,wallpaper,חלק ונקי,מט,ציפוי פולימרי בהדבקה עצמית,119,meter,"אפור בהיר SD920: אפור בהיר ורגוע. טפט בהדבקה עצמית, עבה ועמיד, עם שכבת הגנה מפני שריטות ודהיית צבע. מתאים להתקנה עצמית.","אפור בהיר (SD920) הוא אפור בהיר ורגוע. גוון אחיד ונקי שמשתלב בקלות בכל חלל, ונותן למשטח ישן מראה חדש ומסודר.

הטפט מתאים לדלתות, לחזיתות מטבח, למקררים, למשטחי שיש, לקירות ולארונות חשמל. בכל לשונית בעמוד תמצאו הדמיה, מחיר והנחיות שמתאימות למשטח שבחרתם.

זה ציפוי פולימרי עבה ועמיד בהדבקה עצמית, עם שכבת הגנה מפני שריטות ודהיית צבע. מדביקים אותו ישירות על המשטח הקיים, בלי לפרק ובלי להחליף.

המוצר מתאים להתקנה עצמית: מודדים, מזמינים ומדביקים בבית עם קלף וסכין יפנית. מעדיפים שנעשה את זה בשבילכם? אפשר להוסיף התקנה מקצועית בהזמנה.",,,true,true,true,5,
sd991,sd991,SD991,אפור כהה,wallpaper,חלק ונקי,מט,ציפוי פולימרי בהדבקה עצמית,119,meter,"אפור כהה SD991: אפור כהה ועמוק. טפט בהדבקה עצמית, עבה ועמיד, עם שכבת הגנה מפני שריטות ודהיית צבע. מתאים להתקנה עצמית.","אפור כהה (SD991) הוא אפור כהה ועמוק. גוון אחיד ונקי שמשתלב בקלות בכל חלל, ונותן למשטח ישן מראה חדש ומסודר.

הטפט מתאים לדלתות, לחזיתות מטבח, למקררים, למשטחי שיש, לקירות ולארונות חשמל. בכל לשונית בעמוד תמצאו הדמיה, מחיר והנחיות שמתאימות למשטח שבחרתם.

זה ציפוי פולימרי עבה ועמיד בהדבקה עצמית, עם שכבת הגנה מפני שריטות ודהיית צבע. מדביקים אותו ישירות על המשטח הקיים, בלי לפרק ובלי להחליף.

המוצר מתאים להתקנה עצמית: מודדים, מזמינים ומדביקים בבית עם קלף וסכין יפנית. מעדיפים שנעשה את זה בשבילכם? אפשר להוסיף התקנה מקצועית בהזמנה.",,,true,true,true,6,
sd985,sd985,SD985,אפור סילבר,wallpaper,חלק ונקי,מט,ציפוי פולימרי בהדבקה עצמית,119,meter,"אפור סילבר SD985: אפור בגוון כסוף. טפט בהדבקה עצמית, עבה ועמיד, עם שכבת הגנה מפני שריטות ודהיית צבע. מתאים להתקנה עצמית.","אפור סילבר (SD985) הוא אפור בגוון כסוף. גוון אחיד ונקי שמשתלב בקלות בכל חלל, ונותן למשטח ישן מראה חדש ומסודר.

הטפט מתאים לדלתות, לחזיתות מטבח, למקררים, למשטחי שיש, לקירות ולארונות חשמל. בכל לשונית בעמוד תמצאו הדמיה, מחיר והנחיות שמתאימות למשטח שבחרתם.

זה ציפוי פולימרי עבה ועמיד בהדבקה עצמית, עם שכבת הגנה מפני שריטות ודהיית צבע. מדביקים אותו ישירות על המשטח הקיים, בלי לפרק ובלי להחליף.

המוצר מתאים להתקנה עצמית: מודדים, מזמינים ומדביקים בבית עם קלף וסכין יפנית. מעדיפים שנעשה את זה בשבילכם? אפשר להוסיף התקנה מקצועית בהזמנה.",,,true,true,true,7,
sd982,sd982,SD982,בז' כהה טקסטורה,wallpaper,חלק ונקי,טקסטורה,ציפוי פולימרי בהדבקה עצמית,119,meter,"בז' כהה טקסטורה SD982: בז' כהה עם טקסטורה עדינה. טפט בהדבקה עצמית, עבה ועמיד, עם שכבת הגנה מפני שריטות ודהיית צבע. מתאים להתקנה עצמית.","בז' כהה טקסטורה (SD982) הוא בז' כהה עם טקסטורה עדינה. גוון אחיד ונקי שמשתלב בקלות בכל חלל, ונותן למשטח ישן מראה חדש ומסודר.

הטפט מתאים לדלתות, לחזיתות מטבח, למקררים, למשטחי שיש, לקירות ולארונות חשמל. בכל לשונית בעמוד תמצאו הדמיה, מחיר והנחיות שמתאימות למשטח שבחרתם.

זה ציפוי פולימרי עבה ועמיד בהדבקה עצמית, עם שכבת הגנה מפני שריטות ודהיית צבע. מדביקים אותו ישירות על המשטח הקיים, בלי לפרק ובלי להחליף.

המוצר מתאים להתקנה עצמית: מודדים, מזמינים ומדביקים בבית עם קלף וסכין יפנית. מעדיפים שנעשה את זה בשבילכם? אפשר להוסיף התקנה מקצועית בהזמנה.",,,true,true,true,8,
ipw558,ipw558,IPW558,בטון,wallpaper,אבן / שיש / בטון,טקסטורת בטון,ציפוי פולימרי בהדבקה עצמית,119,meter,"בטון IPW558: בטון אפור במראה תעשייתי. טפט בהדבקה עצמית, עבה ועמיד, עם שכבת הגנה מפני שריטות ודהיית צבע. מתאים להתקנה עצמית.","בטון (IPW558) הוא בטון אפור במראה תעשייתי. מראה של אבן, בטון או טיח עם תנועה עדינה בטקסטורה, שנותן למשטח נוכחות בלי המשקל והמחיר של חומר אמיתי.

הטפט מתאים לדלתות, לחזיתות מטבח, למקררים, למשטחי שיש, לקירות ולארונות חשמל. בכל לשונית בעמוד תמצאו הדמיה, מחיר והנחיות שמתאימות למשטח שבחרתם.

זה ציפוי פולימרי עבה ועמיד בהדבקה עצמית, עם שכבת הגנה מפני שריטות ודהיית צבע. מדביקים אותו ישירות על המשטח הקיים, בלי לפרק ובלי להחליף.

המוצר מתאים להתקנה עצמית: מודדים, מזמינים ומדביקים בבית עם קלף וסכין יפנית. מעדיפים שנעשה את זה בשבילכם? אפשר להוסיף התקנה מקצועית בהזמנה.",,,true,true,true,9,
ipw557,ipw557,IPW557,בטון בהיר,wallpaper,אבן / שיש / בטון,טקסטורת בטון,ציפוי פולימרי בהדבקה עצמית,119,meter,"בטון בהיר IPW557: בטון בהיר ואוורירי. טפט בהדבקה עצמית, עבה ועמיד, עם שכבת הגנה מפני שריטות ודהיית צבע. מתאים להתקנה עצמית.","בטון בהיר (IPW557) הוא בטון בהיר ואוורירי. מראה של אבן, בטון או טיח עם תנועה עדינה בטקסטורה, שנותן למשטח נוכחות בלי המשקל והמחיר של חומר אמיתי.

הטפט מתאים לדלתות, לחזיתות מטבח, למקררים, למשטחי שיש, לקירות ולארונות חשמל. בכל לשונית בעמוד תמצאו הדמיה, מחיר והנחיות שמתאימות למשטח שבחרתם.

זה ציפוי פולימרי עבה ועמיד בהדבקה עצמית, עם שכבת הגנה מפני שריטות ודהיית צבע. מדביקים אותו ישירות על המשטח הקיים, בלי לפרק ובלי להחליף.

המוצר מתאים להתקנה עצמית: מודדים, מזמינים ומדביקים בבית עם קלף וסכין יפנית. מעדיפים שנעשה את זה בשבילכם? אפשר להוסיף התקנה מקצועית בהזמנה.",,,true,true,true,10,
im912-2,im912-2,IM912-2,דמוי נירוסטה,wallpaper,חלק ונקי,מתכתי,ציפוי פולימרי בהדבקה עצמית,119,meter,"דמוי נירוסטה IM912-2: גימור מתכתי במראה נירוסטה מוברשת. טפט בהדבקה עצמית, עבה ועמיד, עם שכבת הגנה מפני שריטות ודהיית צבע. מתאים להתקנה עצמית.","דמוי נירוסטה (IM912-2) הוא גימור מתכתי במראה נירוסטה מוברשת. גוון אחיד ונקי שמשתלב בקלות בכל חלל, ונותן למשטח ישן מראה חדש ומסודר.

הטפט מתאים לדלתות, לחזיתות מטבח, למקררים, למשטחי שיש, לקירות ולארונות חשמל. בכל לשונית בעמוד תמצאו הדמיה, מחיר והנחיות שמתאימות למשטח שבחרתם.

זה ציפוי פולימרי עבה ועמיד בהדבקה עצמית, עם שכבת הגנה מפני שריטות ודהיית צבע. מדביקים אותו ישירות על המשטח הקיים, בלי לפרק ובלי להחליף.

המוצר מתאים להתקנה עצמית: מודדים, מזמינים ומדביקים בבית עם קלף וסכין יפנית. מעדיפים שנעשה את זה בשבילכם? אפשר להוסיף התקנה מקצועית בהזמנה.",,,true,true,true,11,
sd933,sd933,SD933,חול,wallpaper,חלק ונקי,מט,ציפוי פולימרי בהדבקה עצמית,119,meter,"חול SD933: גוון חול חמים ונייטרלי. טפט בהדבקה עצמית, עבה ועמיד, עם שכבת הגנה מפני שריטות ודהיית צבע. מתאים להתקנה עצמית.","חול (SD933) הוא גוון חול חמים ונייטרלי. גוון אחיד ונקי שמשתלב בקלות בכל חלל, ונותן למשטח ישן מראה חדש ומסודר.

הטפט מתאים לדלתות, לחזיתות מטבח, למקררים, למשטחי שיש, לקירות ולארונות חשמל. בכל לשונית בעמוד תמצאו הדמיה, מחיר והנחיות שמתאימות למשטח שבחרתם.

זה ציפוי פולימרי עבה ועמיד בהדבקה עצמית, עם שכבת הגנה מפני שריטות ודהיית צבע. מדביקים אותו ישירות על המשטח הקיים, בלי לפרק ובלי להחליף.

המוצר מתאים להתקנה עצמית: מודדים, מזמינים ומדביקים בבית עם קלף וסכין יפנית. מעדיפים שנעשה את זה בשבילכם? אפשר להוסיף התקנה מקצועית בהזמנה.",,,true,true,true,12,
cr200,cr200,CR200,טיח אפור בהיר,wallpaper,אבן / שיש / בטון,טקסטורת טיח,ציפוי פולימרי בהדבקה עצמית,119,meter,"טיח אפור בהיר CR200: טיח אפור בהיר במראה רך. טפט בהדבקה עצמית, עבה ועמיד, עם שכבת הגנה מפני שריטות ודהיית צבע. מתאים להתקנה עצמית.","טיח אפור בהיר (CR200) הוא טיח אפור בהיר במראה רך. מראה של אבן, בטון או טיח עם תנועה עדינה בטקסטורה, שנותן למשטח נוכחות בלי המשקל והמחיר של חומר אמיתי.

הטפט מתאים לדלתות, לחזיתות מטבח, למקררים, למשטחי שיש, לקירות ולארונות חשמל. בכל לשונית בעמוד תמצאו הדמיה, מחיר והנחיות שמתאימות למשטח שבחרתם.

זה ציפוי פולימרי עבה ועמיד בהדבקה עצמית, עם שכבת הגנה מפני שריטות ודהיית צבע. מדביקים אותו ישירות על המשטח הקיים, בלי לפרק ובלי להחליף.

המוצר מתאים להתקנה עצמית: מודדים, מזמינים ומדביקים בבית עם קלף וסכין יפנית. מעדיפים שנעשה את זה בשבילכם? אפשר להוסיף התקנה מקצועית בהזמנה.",,,true,true,true,13,
cr502,cr502,CR502,טיח אפור בטון מעונן,wallpaper,אבן / שיש / בטון,טקסטורת טיח,ציפוי פולימרי בהדבקה עצמית,119,meter,"טיח אפור בטון מעונן CR502: טיח אפור בגוון בטון עם מראה מעונן. טפט בהדבקה עצמית, עבה ועמיד, עם שכבת הגנה מפני שריטות ודהיית צבע. מתאים להתקנה עצמית.","טיח אפור בטון מעונן (CR502) הוא טיח אפור בגוון בטון עם מראה מעונן. מראה של אבן, בטון או טיח עם תנועה עדינה בטקסטורה, שנותן למשטח נוכחות בלי המשקל והמחיר של חומר אמיתי.

הטפט מתאים לדלתות, לחזיתות מטבח, למקררים, למשטחי שיש, לקירות ולארונות חשמל. בכל לשונית בעמוד תמצאו הדמיה, מחיר והנחיות שמתאימות למשטח שבחרתם.

זה ציפוי פולימרי עבה ועמיד בהדבקה עצמית, עם שכבת הגנה מפני שריטות ודהיית צבע. מדביקים אותו ישירות על המשטח הקיים, בלי לפרק ובלי להחליף.

המוצר מתאים להתקנה עצמית: מודדים, מזמינים ומדביקים בבית עם קלף וסכין יפנית. מעדיפים שנעשה את זה בשבילכם? אפשר להוסיף התקנה מקצועית בהזמנה.",,,true,true,true,14,
cr501,cr501,CR501,טיח אפור מעונן,wallpaper,אבן / שיש / בטון,טקסטורת טיח,ציפוי פולימרי בהדבקה עצמית,119,meter,"טיח אפור מעונן CR501: טיח אפור עם מראה מעונן. טפט בהדבקה עצמית, עבה ועמיד, עם שכבת הגנה מפני שריטות ודהיית צבע. מתאים להתקנה עצמית.","טיח אפור מעונן (CR501) הוא טיח אפור עם מראה מעונן. מראה של אבן, בטון או טיח עם תנועה עדינה בטקסטורה, שנותן למשטח נוכחות בלי המשקל והמחיר של חומר אמיתי.

הטפט מתאים לדלתות, לחזיתות מטבח, למקררים, למשטחי שיש, לקירות ולארונות חשמל. בכל לשונית בעמוד תמצאו הדמיה, מחיר והנחיות שמתאימות למשטח שבחרתם.

זה ציפוי פולימרי עבה ועמיד בהדבקה עצמית, עם שכבת הגנה מפני שריטות ודהיית צבע. מדביקים אותו ישירות על המשטח הקיים, בלי לפרק ובלי להחליף.

המוצר מתאים להתקנה עצמית: מודדים, מזמינים ומדביקים בבית עם קלף וסכין יפנית. מעדיפים שנעשה את זה בשבילכם? אפשר להוסיף התקנה מקצועית בהזמנה.",,,true,true,true,15,
cr300,cr300,CR300,טיח אפור פחם,wallpaper,אבן / שיש / בטון,טקסטורת טיח,ציפוי פולימרי בהדבקה עצמית,119,meter,"טיח אפור פחם CR300: טיח בגוון אפור פחם כהה. טפט בהדבקה עצמית, עבה ועמיד, עם שכבת הגנה מפני שריטות ודהיית צבע. מתאים להתקנה עצמית.","טיח אפור פחם (CR300) הוא טיח בגוון אפור פחם כהה. מראה של אבן, בטון או טיח עם תנועה עדינה בטקסטורה, שנותן למשטח נוכחות בלי המשקל והמחיר של חומר אמיתי.

הטפט מתאים לדלתות, לחזיתות מטבח, למקררים, למשטחי שיש, לקירות ולארונות חשמל. בכל לשונית בעמוד תמצאו הדמיה, מחיר והנחיות שמתאימות למשטח שבחרתם.

זה ציפוי פולימרי עבה ועמיד בהדבקה עצמית, עם שכבת הגנה מפני שריטות ודהיית צבע. מדביקים אותו ישירות על המשטח הקיים, בלי לפרק ובלי להחליף.

המוצר מתאים להתקנה עצמית: מודדים, מזמינים ומדביקים בבית עם קלף וסכין יפנית. מעדיפים שנעשה את זה בשבילכם? אפשר להוסיף התקנה מקצועית בהזמנה.",,,true,true,true,16,
cr500,cr500,CR500,טיח לבן מעונן,wallpaper,אבן / שיש / בטון,טקסטורת טיח,ציפוי פולימרי בהדבקה עצמית,119,meter,"טיח לבן מעונן CR500: טיח לבן עם מראה מעונן עדין. טפט בהדבקה עצמית, עבה ועמיד, עם שכבת הגנה מפני שריטות ודהיית צבע. מתאים להתקנה עצמית.","טיח לבן מעונן (CR500) הוא טיח לבן עם מראה מעונן עדין. מראה של אבן, בטון או טיח עם תנועה עדינה בטקסטורה, שנותן למשטח נוכחות בלי המשקל והמחיר של חומר אמיתי.

הטפט מתאים לדלתות, לחזיתות מטבח, למקררים, למשטחי שיש, לקירות ולארונות חשמל. בכל לשונית בעמוד תמצאו הדמיה, מחיר והנחיות שמתאימות למשטח שבחרתם.

זה ציפוי פולימרי עבה ועמיד בהדבקה עצמית, עם שכבת הגנה מפני שריטות ודהיית צבע. מדביקים אותו ישירות על המשטח הקיים, בלי לפרק ובלי להחליף.

המוצר מתאים להתקנה עצמית: מודדים, מזמינים ומדביקים בבית עם קלף וסכין יפנית. מעדיפים שנעשה את זה בשבילכם? אפשר להוסיף התקנה מקצועית בהזמנה.",,,true,true,true,17,
sd995,sd995,SD995,ירוק פיסטוק,wallpaper,חלק ונקי,מט,ציפוי פולימרי בהדבקה עצמית,119,meter,"ירוק פיסטוק SD995: ירוק פיסטוק רך ורענן. טפט בהדבקה עצמית, עבה ועמיד, עם שכבת הגנה מפני שריטות ודהיית צבע. מתאים להתקנה עצמית.","ירוק פיסטוק (SD995) הוא ירוק פיסטוק רך ורענן. גוון אחיד ונקי שמשתלב בקלות בכל חלל, ונותן למשטח ישן מראה חדש ומסודר.

הטפט מתאים לדלתות, לחזיתות מטבח, למקררים, למשטחי שיש, לקירות ולארונות חשמל. בכל לשונית בעמוד תמצאו הדמיה, מחיר והנחיות שמתאימות למשטח שבחרתם.

זה ציפוי פולימרי עבה ועמיד בהדבקה עצמית, עם שכבת הגנה מפני שריטות ודהיית צבע. מדביקים אותו ישירות על המשטח הקיים, בלי לפרק ובלי להחליף.

המוצר מתאים להתקנה עצמית: מודדים, מזמינים ומדביקים בבית עם קלף וסכין יפנית. מעדיפים שנעשה את זה בשבילכם? אפשר להוסיף התקנה מקצועית בהזמנה.",,,true,true,true,18,
pcr511,pcr511,PCR511,כחול מעושן,wallpaper,אבן / שיש / בטון,טקסטורת טיח,ציפוי פולימרי בהדבקה עצמית,119,meter,"כחול מעושן PCR511: כחול מעושן עם תנועה עדינה בטקסטורה. טפט בהדבקה עצמית, עבה ועמיד, עם שכבת הגנה מפני שריטות ודהיית צבע. מתאים להתקנה עצמית.","כחול מעושן (PCR511) הוא כחול מעושן עם תנועה עדינה בטקסטורה. מראה של אבן, בטון או טיח עם תנועה עדינה בטקסטורה, שנותן למשטח נוכחות בלי המשקל והמחיר של חומר אמיתי.

הטפט מתאים לדלתות, לחזיתות מטבח, למקררים, למשטחי שיש, לקירות ולארונות חשמל. בכל לשונית בעמוד תמצאו הדמיה, מחיר והנחיות שמתאימות למשטח שבחרתם.

זה ציפוי פולימרי עבה ועמיד בהדבקה עצמית, עם שכבת הגנה מפני שריטות ודהיית צבע. מדביקים אותו ישירות על המשטח הקיים, בלי לפרק ובלי להחליף.

המוצר מתאים להתקנה עצמית: מודדים, מזמינים ומדביקים בבית עם קלף וסכין יפנית. מעדיפים שנעשה את זה בשבילכם? אפשר להוסיף התקנה מקצועית בהזמנה.",,,true,true,true,19,
sd999,sd999,SD999,כחול עמוק,wallpaper,חלק ונקי,מט,ציפוי פולימרי בהדבקה עצמית,119,meter,"כחול עמוק SD999: כחול כהה ועמוק. טפט בהדבקה עצמית, עבה ועמיד, עם שכבת הגנה מפני שריטות ודהיית צבע. מתאים להתקנה עצמית.","כחול עמוק (SD999) הוא כחול כהה ועמוק. גוון אחיד ונקי שמשתלב בקלות בכל חלל, ונותן למשטח ישן מראה חדש ומסודר.

הטפט מתאים לדלתות, לחזיתות מטבח, למקררים, למשטחי שיש, לקירות ולארונות חשמל. בכל לשונית בעמוד תמצאו הדמיה, מחיר והנחיות שמתאימות למשטח שבחרתם.

זה ציפוי פולימרי עבה ועמיד בהדבקה עצמית, עם שכבת הגנה מפני שריטות ודהיית צבע. מדביקים אותו ישירות על המשטח הקיים, בלי לפרק ובלי להחליף.

המוצר מתאים להתקנה עצמית: מודדים, מזמינים ומדביקים בבית עם קלף וסכין יפנית. מעדיפים שנעשה את זה בשבילכם? אפשר להוסיף התקנה מקצועית בהזמנה.",,,true,true,true,20,
sd887,sd887,SD887,לבן וניל,wallpaper,חלק ונקי,מט,ציפוי פולימרי בהדבקה עצמית,119,meter,"לבן וניל SD887: לבן בגוון וניל חמים. טפט בהדבקה עצמית, עבה ועמיד, עם שכבת הגנה מפני שריטות ודהיית צבע. מתאים להתקנה עצמית.","לבן וניל (SD887) הוא לבן בגוון וניל חמים. גוון אחיד ונקי שמשתלב בקלות בכל חלל, ונותן למשטח ישן מראה חדש ומסודר.

הטפט מתאים לדלתות, לחזיתות מטבח, למקררים, למשטחי שיש, לקירות ולארונות חשמל. בכל לשונית בעמוד תמצאו הדמיה, מחיר והנחיות שמתאימות למשטח שבחרתם.

זה ציפוי פולימרי עבה ועמיד בהדבקה עצמית, עם שכבת הגנה מפני שריטות ודהיית צבע. מדביקים אותו ישירות על המשטח הקיים, בלי לפרק ובלי להחליף.

המוצר מתאים להתקנה עצמית: מודדים, מזמינים ומדביקים בבית עם קלף וסכין יפנית. מעדיפים שנעשה את זה בשבילכם? אפשר להוסיף התקנה מקצועית בהזמנה.",,,true,true,true,21,
sd872,sd872,SD872,לבן חם,wallpaper,חלק ונקי,מט,ציפוי פולימרי בהדבקה עצמית,119,meter,"לבן חם SD872: לבן חמים ורך. טפט בהדבקה עצמית, עבה ועמיד, עם שכבת הגנה מפני שריטות ודהיית צבע. מתאים להתקנה עצמית.","לבן חם (SD872) הוא לבן חמים ורך. גוון אחיד ונקי שמשתלב בקלות בכל חלל, ונותן למשטח ישן מראה חדש ומסודר.

הטפט מתאים לדלתות, לחזיתות מטבח, למקררים, למשטחי שיש, לקירות ולארונות חשמל. בכל לשונית בעמוד תמצאו הדמיה, מחיר והנחיות שמתאימות למשטח שבחרתם.

זה ציפוי פולימרי עבה ועמיד בהדבקה עצמית, עם שכבת הגנה מפני שריטות ודהיית צבע. מדביקים אותו ישירות על המשטח הקיים, בלי לפרק ובלי להחליף.

המוצר מתאים להתקנה עצמית: מודדים, מזמינים ומדביקים בבית עם קלף וסכין יפנית. מעדיפים שנעשה את זה בשבילכם? אפשר להוסיף התקנה מקצועית בהזמנה.",,,true,true,true,22,
sd1901,sd1901,SD1901,לבן טקסטורה,wallpaper,חלק ונקי,טקסטורה,ציפוי פולימרי בהדבקה עצמית,119,meter,"לבן טקסטורה SD1901: לבן עם טקסטורה עדינה. טפט בהדבקה עצמית, עבה ועמיד, עם שכבת הגנה מפני שריטות ודהיית צבע. מתאים להתקנה עצמית.","לבן טקסטורה (SD1901) הוא לבן עם טקסטורה עדינה. גוון אחיד ונקי שמשתלב בקלות בכל חלל, ונותן למשטח ישן מראה חדש ומסודר.

הטפט מתאים לדלתות, לחזיתות מטבח, למקררים, למשטחי שיש, לקירות ולארונות חשמל. בכל לשונית בעמוד תמצאו הדמיה, מחיר והנחיות שמתאימות למשטח שבחרתם.

זה ציפוי פולימרי עבה ועמיד בהדבקה עצמית, עם שכבת הגנה מפני שריטות ודהיית צבע. מדביקים אותו ישירות על המשטח הקיים, בלי לפרק ובלי להחליף.

המוצר מתאים להתקנה עצמית: מודדים, מזמינים ומדביקים בבית עם קלף וסכין יפנית. מעדיפים שנעשה את זה בשבילכם? אפשר להוסיף התקנה מקצועית בהזמנה.",,,true,true,true,23,
ih706,ih706,IH706,לבן מבריק,wallpaper,חלק ונקי,מבריק,ציפוי פולימרי בהדבקה עצמית,119,meter,"לבן מבריק IH706: לבן נקי בגימור מבריק. טפט בהדבקה עצמית, עבה ועמיד, עם שכבת הגנה מפני שריטות ודהיית צבע. מתאים להתקנה עצמית.","לבן מבריק (IH706) הוא לבן נקי בגימור מבריק. גוון אחיד ונקי שמשתלב בקלות בכל חלל, ונותן למשטח ישן מראה חדש ומסודר.

הטפט מתאים לדלתות, לחזיתות מטבח, למקררים, למשטחי שיש, לקירות ולארונות חשמל. בכל לשונית בעמוד תמצאו הדמיה, מחיר והנחיות שמתאימות למשטח שבחרתם.

זה ציפוי פולימרי עבה ועמיד בהדבקה עצמית, עם שכבת הגנה מפני שריטות ודהיית צבע. מדביקים אותו ישירות על המשטח הקיים, בלי לפרק ובלי להחליף.

המוצר מתאים להתקנה עצמית: מודדים, מזמינים ומדביקים בבית עם קלף וסכין יפנית. מעדיפים שנעשה את זה בשבילכם? אפשר להוסיף התקנה מקצועית בהזמנה.",,,true,true,true,24,
sd901,sd901,SD901,לבן מט,wallpaper,חלק ונקי,מט,ציפוי פולימרי בהדבקה עצמית,119,meter,"לבן מט SD901: לבן נקי בגימור מט. טפט בהדבקה עצמית, עבה ועמיד, עם שכבת הגנה מפני שריטות ודהיית צבע. מתאים להתקנה עצמית.","לבן מט (SD901) הוא לבן נקי בגימור מט. גוון אחיד ונקי שמשתלב בקלות בכל חלל, ונותן למשטח ישן מראה חדש ומסודר.

הטפט מתאים לדלתות, לחזיתות מטבח, למקררים, למשטחי שיש, לקירות ולארונות חשמל. בכל לשונית בעמוד תמצאו הדמיה, מחיר והנחיות שמתאימות למשטח שבחרתם.

זה ציפוי פולימרי עבה ועמיד בהדבקה עצמית, עם שכבת הגנה מפני שריטות ודהיית צבע. מדביקים אותו ישירות על המשטח הקיים, בלי לפרק ובלי להחליף.

המוצר מתאים להתקנה עצמית: מודדים, מזמינים ומדביקים בבית עם קלף וסכין יפנית. מעדיפים שנעשה את זה בשבילכם? אפשר להוסיף התקנה מקצועית בהזמנה.",,,true,true,true,25,
sd873,sd873,SD873,לבן פודרה,wallpaper,חלק ונקי,מט,ציפוי פולימרי בהדבקה עצמית,119,meter,"לבן פודרה SD873: לבן פודרה רך. טפט בהדבקה עצמית, עבה ועמיד, עם שכבת הגנה מפני שריטות ודהיית צבע. מתאים להתקנה עצמית.","לבן פודרה (SD873) הוא לבן פודרה רך. גוון אחיד ונקי שמשתלב בקלות בכל חלל, ונותן למשטח ישן מראה חדש ומסודר.

הטפט מתאים לדלתות, לחזיתות מטבח, למקררים, למשטחי שיש, לקירות ולארונות חשמל. בכל לשונית בעמוד תמצאו הדמיה, מחיר והנחיות שמתאימות למשטח שבחרתם.

זה ציפוי פולימרי עבה ועמיד בהדבקה עצמית, עם שכבת הגנה מפני שריטות ודהיית צבע. מדביקים אותו ישירות על המשטח הקיים, בלי לפרק ובלי להחליף.

המוצר מתאים להתקנה עצמית: מודדים, מזמינים ומדביקים בבית עם קלף וסכין יפנית. מעדיפים שנעשה את זה בשבילכם? אפשר להוסיף התקנה מקצועית בהזמנה.",,,true,true,true,26,
sd943,sd943,SD943,לבן פסים,wallpaper,חלק ונקי,טקסטורת פסים,ציפוי פולימרי בהדבקה עצמית,119,meter,"לבן פסים SD943: לבן עם טקסטורת פסים עדינה. טפט בהדבקה עצמית, עבה ועמיד, עם שכבת הגנה מפני שריטות ודהיית צבע. מתאים להתקנה עצמית.","לבן פסים (SD943) הוא לבן עם טקסטורת פסים עדינה. גוון אחיד ונקי שמשתלב בקלות בכל חלל, ונותן למשטח ישן מראה חדש ומסודר.

הטפט מתאים לדלתות, לחזיתות מטבח, למקררים, למשטחי שיש, לקירות ולארונות חשמל. בכל לשונית בעמוד תמצאו הדמיה, מחיר והנחיות שמתאימות למשטח שבחרתם.

זה ציפוי פולימרי עבה ועמיד בהדבקה עצמית, עם שכבת הגנה מפני שריטות ודהיית צבע. מדביקים אותו ישירות על המשטח הקיים, בלי לפרק ובלי להחליף.

המוצר מתאים להתקנה עצמית: מודדים, מזמינים ומדביקים בבית עם קלף וסכין יפנית. מעדיפים שנעשה את זה בשבילכם? אפשר להוסיף התקנה מקצועית בהזמנה.",,,true,true,true,27,
sd840,sd840,SD840,לבן שבור,wallpaper,חלק ונקי,מט,ציפוי פולימרי בהדבקה עצמית,119,meter,"לבן שבור SD840: לבן שבור ונעים לעין. טפט בהדבקה עצמית, עבה ועמיד, עם שכבת הגנה מפני שריטות ודהיית צבע. מתאים להתקנה עצמית.","לבן שבור (SD840) הוא לבן שבור ונעים לעין. גוון אחיד ונקי שמשתלב בקלות בכל חלל, ונותן למשטח ישן מראה חדש ומסודר.

הטפט מתאים לדלתות, לחזיתות מטבח, למקררים, למשטחי שיש, לקירות ולארונות חשמל. בכל לשונית בעמוד תמצאו הדמיה, מחיר והנחיות שמתאימות למשטח שבחרתם.

זה ציפוי פולימרי עבה ועמיד בהדבקה עצמית, עם שכבת הגנה מפני שריטות ודהיית צבע. מדביקים אותו ישירות על המשטח הקיים, בלי לפרק ובלי להחליף.

המוצר מתאים להתקנה עצמית: מודדים, מזמינים ומדביקים בבית עם קלף וסכין יפנית. מעדיפים שנעשה את זה בשבילכם? אפשר להוסיף התקנה מקצועית בהזמנה.",,,true,true,true,28,
sd919,sd919,SD919,נס קפה,wallpaper,חלק ונקי,מט,ציפוי פולימרי בהדבקה עצמית,119,meter,"נס קפה SD919: גוון נס קפה חמים. טפט בהדבקה עצמית, עבה ועמיד, עם שכבת הגנה מפני שריטות ודהיית צבע. מתאים להתקנה עצמית.","נס קפה (SD919) הוא גוון נס קפה חמים. גוון אחיד ונקי שמשתלב בקלות בכל חלל, ונותן למשטח ישן מראה חדש ומסודר.

הטפט מתאים לדלתות, לחזיתות מטבח, למקררים, למשטחי שיש, לקירות ולארונות חשמל. בכל לשונית בעמוד תמצאו הדמיה, מחיר והנחיות שמתאימות למשטח שבחרתם.

זה ציפוי פולימרי עבה ועמיד בהדבקה עצמית, עם שכבת הגנה מפני שריטות ודהיית צבע. מדביקים אותו ישירות על המשטח הקיים, בלי לפרק ובלי להחליף.

המוצר מתאים להתקנה עצמית: מודדים, מזמינים ומדביקים בבית עם קלף וסכין יפנית. מעדיפים שנעשה את זה בשבילכם? אפשר להוסיף התקנה מקצועית בהזמנה.",,,true,true,true,29,
sd972,sd972,SD972,סהרה דמוי עץ,wallpaper,מראה עץ,דמוי עץ,ציפוי פולימרי בהדבקה עצמית,119,meter,"סהרה דמוי עץ SD972: גוון סהרה בהיר במראה עץ. טפט בהדבקה עצמית, עבה ועמיד, עם שכבת הגנה מפני שריטות ודהיית צבע. מתאים להתקנה עצמית.","סהרה דמוי עץ (SD972) הוא גוון סהרה בהיר במראה עץ. הדפס עץ עם עומק וגידים טבעיים, שמכניס חמימות לבית בלי נגרות ובלי להחליף את המשטח.

הטפט מתאים לדלתות, לחזיתות מטבח, למקררים, למשטחי שיש, לקירות ולארונות חשמל. בכל לשונית בעמוד תמצאו הדמיה, מחיר והנחיות שמתאימות למשטח שבחרתם.

זה ציפוי פולימרי עבה ועמיד בהדבקה עצמית, עם שכבת הגנה מפני שריטות ודהיית צבע. מדביקים אותו ישירות על המשטח הקיים, בלי לפרק ובלי להחליף.

המוצר מתאים להתקנה עצמית: מודדים, מזמינים ומדביקים בבית עם קלף וסכין יפנית. מעדיפים שנעשה את זה בשבילכם? אפשר להוסיף התקנה מקצועית בהזמנה.",,,true,true,true,30,
it236,it236,IT236,עץ אגוז,wallpaper,מראה עץ,דמוי עץ,ציפוי פולימרי בהדבקה עצמית,119,meter,"עץ אגוז IT236: עץ אגוז חם ועשיר. טפט בהדבקה עצמית, עבה ועמיד, עם שכבת הגנה מפני שריטות ודהיית צבע. מתאים להתקנה עצמית.","עץ אגוז (IT236) הוא עץ אגוז חם ועשיר. הדפס עץ עם עומק וגידים טבעיים, שמכניס חמימות לבית בלי נגרות ובלי להחליף את המשטח.

הטפט מתאים לדלתות, לחזיתות מטבח, למקררים, למשטחי שיש, לקירות ולארונות חשמל. בכל לשונית בעמוד תמצאו הדמיה, מחיר והנחיות שמתאימות למשטח שבחרתם.

זה ציפוי פולימרי עבה ועמיד בהדבקה עצמית, עם שכבת הגנה מפני שריטות ודהיית צבע. מדביקים אותו ישירות על המשטח הקיים, בלי לפרק ובלי להחליף.

המוצר מתאים להתקנה עצמית: מודדים, מזמינים ומדביקים בבית עם קלף וסכין יפנית. מעדיפים שנעשה את זה בשבילכם? אפשר להוסיף התקנה מקצועית בהזמנה.",,,true,true,true,31,
it334,it334,IT334,עץ אלון,wallpaper,מראה עץ,דמוי עץ,ציפוי פולימרי בהדבקה עצמית,119,meter,"עץ אלון IT334: עץ אלון טבעי ובהיר. טפט בהדבקה עצמית, עבה ועמיד, עם שכבת הגנה מפני שריטות ודהיית צבע. מתאים להתקנה עצמית.","עץ אלון (IT334) הוא עץ אלון טבעי ובהיר. הדפס עץ עם עומק וגידים טבעיים, שמכניס חמימות לבית בלי נגרות ובלי להחליף את המשטח.

הטפט מתאים לדלתות, לחזיתות מטבח, למקררים, למשטחי שיש, לקירות ולארונות חשמל. בכל לשונית בעמוד תמצאו הדמיה, מחיר והנחיות שמתאימות למשטח שבחרתם.

זה ציפוי פולימרי עבה ועמיד בהדבקה עצמית, עם שכבת הגנה מפני שריטות ודהיית צבע. מדביקים אותו ישירות על המשטח הקיים, בלי לפרק ובלי להחליף.

המוצר מתאים להתקנה עצמית: מודדים, מזמינים ומדביקים בבית עם קלף וסכין יפנית. מעדיפים שנעשה את זה בשבילכם? אפשר להוסיף התקנה מקצועית בהזמנה.",,,true,true,true,32,
it606,it606,IT606,עץ אפור,wallpaper,מראה עץ,דמוי עץ,ציפוי פולימרי בהדבקה עצמית,119,meter,"עץ אפור IT606: עץ בגוון אפור מודרני. טפט בהדבקה עצמית, עבה ועמיד, עם שכבת הגנה מפני שריטות ודהיית צבע. מתאים להתקנה עצמית.","עץ אפור (IT606) הוא עץ בגוון אפור מודרני. הדפס עץ עם עומק וגידים טבעיים, שמכניס חמימות לבית בלי נגרות ובלי להחליף את המשטח.

הטפט מתאים לדלתות, לחזיתות מטבח, למקררים, למשטחי שיש, לקירות ולארונות חשמל. בכל לשונית בעמוד תמצאו הדמיה, מחיר והנחיות שמתאימות למשטח שבחרתם.

זה ציפוי פולימרי עבה ועמיד בהדבקה עצמית, עם שכבת הגנה מפני שריטות ודהיית צבע. מדביקים אותו ישירות על המשטח הקיים, בלי לפרק ובלי להחליף.

המוצר מתאים להתקנה עצמית: מודדים, מזמינים ומדביקים בבית עם קלף וסכין יפנית. מעדיפים שנעשה את זה בשבילכם? אפשר להוסיף התקנה מקצועית בהזמנה.",,,true,true,true,33,
ipw837,ipw837,IPW837,עץ בוצ'ר,wallpaper,מראה עץ,דמוי עץ,ציפוי פולימרי בהדבקה עצמית,119,meter,"עץ בוצ'ר IPW837: עץ בוצ'ר במראה של משטח נגרים. טפט בהדבקה עצמית, עבה ועמיד, עם שכבת הגנה מפני שריטות ודהיית צבע. מתאים להתקנה עצמית.","עץ בוצ'ר (IPW837) הוא עץ בוצ'ר במראה של משטח נגרים. הדפס עץ עם עומק וגידים טבעיים, שמכניס חמימות לבית בלי נגרות ובלי להחליף את המשטח.

הטפט מתאים לדלתות, לחזיתות מטבח, למקררים, למשטחי שיש, לקירות ולארונות חשמל. בכל לשונית בעמוד תמצאו הדמיה, מחיר והנחיות שמתאימות למשטח שבחרתם.

זה ציפוי פולימרי עבה ועמיד בהדבקה עצמית, עם שכבת הגנה מפני שריטות ודהיית צבע. מדביקים אותו ישירות על המשטח הקיים, בלי לפרק ובלי להחליף.

המוצר מתאים להתקנה עצמית: מודדים, מזמינים ומדביקים בבית עם קלף וסכין יפנית. מעדיפים שנעשה את זה בשבילכם? אפשר להוסיף התקנה מקצועית בהזמנה.",,,true,true,true,34,
it202,it202,IT202,עץ בוק,wallpaper,מראה עץ,דמוי עץ,ציפוי פולימרי בהדבקה עצמית,119,meter,"עץ בוק IT202: עץ בוק בהיר וחמים. טפט בהדבקה עצמית, עבה ועמיד, עם שכבת הגנה מפני שריטות ודהיית צבע. מתאים להתקנה עצמית.","עץ בוק (IT202) הוא עץ בוק בהיר וחמים. הדפס עץ עם עומק וגידים טבעיים, שמכניס חמימות לבית בלי נגרות ובלי להחליף את המשטח.

הטפט מתאים לדלתות, לחזיתות מטבח, למקררים, למשטחי שיש, לקירות ולארונות חשמל. בכל לשונית בעמוד תמצאו הדמיה, מחיר והנחיות שמתאימות למשטח שבחרתם.

זה ציפוי פולימרי עבה ועמיד בהדבקה עצמית, עם שכבת הגנה מפני שריטות ודהיית צבע. מדביקים אותו ישירות על המשטח הקיים, בלי לפרק ובלי להחליף.

המוצר מתאים להתקנה עצמית: מודדים, מזמינים ומדביקים בבית עם קלף וסכין יפנית. מעדיפים שנעשה את זה בשבילכם? אפשר להוסיף התקנה מקצועית בהזמנה.",,,true,true,true,35,
it248,it248,IT248,עץ דובדבן,wallpaper,מראה עץ,דמוי עץ,ציפוי פולימרי בהדבקה עצמית,119,meter,"עץ דובדבן IT248: עץ דובדבן בגוון אדמדם. טפט בהדבקה עצמית, עבה ועמיד, עם שכבת הגנה מפני שריטות ודהיית צבע. מתאים להתקנה עצמית.","עץ דובדבן (IT248) הוא עץ דובדבן בגוון אדמדם. הדפס עץ עם עומק וגידים טבעיים, שמכניס חמימות לבית בלי נגרות ובלי להחליף את המשטח.

הטפט מתאים לדלתות, לחזיתות מטבח, למקררים, למשטחי שיש, לקירות ולארונות חשמל. בכל לשונית בעמוד תמצאו הדמיה, מחיר והנחיות שמתאימות למשטח שבחרתם.

זה ציפוי פולימרי עבה ועמיד בהדבקה עצמית, עם שכבת הגנה מפני שריטות ודהיית צבע. מדביקים אותו ישירות על המשטח הקיים, בלי לפרק ובלי להחליף.

המוצר מתאים להתקנה עצמית: מודדים, מזמינים ומדביקים בבית עם קלף וסכין יפנית. מעדיפים שנעשה את זה בשבילכם? אפשר להוסיף התקנה מקצועית בהזמנה.",,,true,true,true,36,
it616,it616,IT616,עץ מהגוני,wallpaper,מראה עץ,דמוי עץ,ציפוי פולימרי בהדבקה עצמית,119,meter,"עץ מהגוני IT616: עץ מהגוני כהה וקלאסי. טפט בהדבקה עצמית, עבה ועמיד, עם שכבת הגנה מפני שריטות ודהיית צבע. מתאים להתקנה עצמית.","עץ מהגוני (IT616) הוא עץ מהגוני כהה וקלאסי. הדפס עץ עם עומק וגידים טבעיים, שמכניס חמימות לבית בלי נגרות ובלי להחליף את המשטח.

הטפט מתאים לדלתות, לחזיתות מטבח, למקררים, למשטחי שיש, לקירות ולארונות חשמל. בכל לשונית בעמוד תמצאו הדמיה, מחיר והנחיות שמתאימות למשטח שבחרתם.

זה ציפוי פולימרי עבה ועמיד בהדבקה עצמית, עם שכבת הגנה מפני שריטות ודהיית צבע. מדביקים אותו ישירות על המשטח הקיים, בלי לפרק ובלי להחליף.

המוצר מתאים להתקנה עצמית: מודדים, מזמינים ומדביקים בבית עם קלף וסכין יפנית. מעדיפים שנעשה את זה בשבילכם? אפשר להוסיף התקנה מקצועית בהזמנה.",,,true,true,true,37,
it127,it127,IT127,עץ עתיק,wallpaper,מראה עץ,דמוי עץ,ציפוי פולימרי בהדבקה עצמית,119,meter,"עץ עתיק IT127: עץ במראה עתיק עם אופי. טפט בהדבקה עצמית, עבה ועמיד, עם שכבת הגנה מפני שריטות ודהיית צבע. מתאים להתקנה עצמית.","עץ עתיק (IT127) הוא עץ במראה עתיק עם אופי. הדפס עץ עם עומק וגידים טבעיים, שמכניס חמימות לבית בלי נגרות ובלי להחליף את המשטח.

הטפט מתאים לדלתות, לחזיתות מטבח, למקררים, למשטחי שיש, לקירות ולארונות חשמל. בכל לשונית בעמוד תמצאו הדמיה, מחיר והנחיות שמתאימות למשטח שבחרתם.

זה ציפוי פולימרי עבה ועמיד בהדבקה עצמית, עם שכבת הגנה מפני שריטות ודהיית צבע. מדביקים אותו ישירות על המשטח הקיים, בלי לפרק ובלי להחליף.

המוצר מתאים להתקנה עצמית: מודדים, מזמינים ומדביקים בבית עם קלף וסכין יפנית. מעדיפים שנעשה את זה בשבילכם? אפשר להוסיף התקנה מקצועית בהזמנה.",,,true,true,true,38,
it619,it619,IT619,עץ שחור,wallpaper,מראה עץ,דמוי עץ,ציפוי פולימרי בהדבקה עצמית,119,meter,"עץ שחור IT619: עץ שחור עם גידים נראים. טפט בהדבקה עצמית, עבה ועמיד, עם שכבת הגנה מפני שריטות ודהיית צבע. מתאים להתקנה עצמית.","עץ שחור (IT619) הוא עץ שחור עם גידים נראים. הדפס עץ עם עומק וגידים טבעיים, שמכניס חמימות לבית בלי נגרות ובלי להחליף את המשטח.

הטפט מתאים לדלתות, לחזיתות מטבח, למקררים, למשטחי שיש, לקירות ולארונות חשמל. בכל לשונית בעמוד תמצאו הדמיה, מחיר והנחיות שמתאימות למשטח שבחרתם.

זה ציפוי פולימרי עבה ועמיד בהדבקה עצמית, עם שכבת הגנה מפני שריטות ודהיית צבע. מדביקים אותו ישירות על המשטח הקיים, בלי לפרק ובלי להחליף.

המוצר מתאים להתקנה עצמית: מודדים, מזמינים ומדביקים בבית עם קלף וסכין יפנית. מעדיפים שנעשה את זה בשבילכם? אפשר להוסיף התקנה מקצועית בהזמנה.",,,true,true,true,39,
it232,it232,IT232,פלטות עץ,wallpaper,מראה עץ,דמוי עץ,ציפוי פולימרי בהדבקה עצמית,119,meter,"פלטות עץ IT232: פלטות עץ טבעי. טפט בהדבקה עצמית, עבה ועמיד, עם שכבת הגנה מפני שריטות ודהיית צבע. מתאים להתקנה עצמית.","פלטות עץ (IT232) הוא פלטות עץ טבעי. הדפס עץ עם עומק וגידים טבעיים, שמכניס חמימות לבית בלי נגרות ובלי להחליף את המשטח.

הטפט מתאים לדלתות, לחזיתות מטבח, למקררים, למשטחי שיש, לקירות ולארונות חשמל. בכל לשונית בעמוד תמצאו הדמיה, מחיר והנחיות שמתאימות למשטח שבחרתם.

זה ציפוי פולימרי עבה ועמיד בהדבקה עצמית, עם שכבת הגנה מפני שריטות ודהיית צבע. מדביקים אותו ישירות על המשטח הקיים, בלי לפרק ובלי להחליף.

המוצר מתאים להתקנה עצמית: מודדים, מזמינים ומדביקים בבית עם קלף וסכין יפנית. מעדיפים שנעשה את זה בשבילכם? אפשר להוסיף התקנה מקצועית בהזמנה.",,,true,true,true,40,
sd876,sd876,SD876,קרם מעושן,wallpaper,חלק ונקי,מט,ציפוי פולימרי בהדבקה עצמית,119,meter,"קרם מעושן SD876: קרם מעושן ורך. טפט בהדבקה עצמית, עבה ועמיד, עם שכבת הגנה מפני שריטות ודהיית צבע. מתאים להתקנה עצמית.","קרם מעושן (SD876) הוא קרם מעושן ורך. גוון אחיד ונקי שמשתלב בקלות בכל חלל, ונותן למשטח ישן מראה חדש ומסודר.

הטפט מתאים לדלתות, לחזיתות מטבח, למקררים, למשטחי שיש, לקירות ולארונות חשמל. בכל לשונית בעמוד תמצאו הדמיה, מחיר והנחיות שמתאימות למשטח שבחרתם.

זה ציפוי פולימרי עבה ועמיד בהדבקה עצמית, עם שכבת הגנה מפני שריטות ודהיית צבע. מדביקים אותו ישירות על המשטח הקיים, בלי לפרק ובלי להחליף.

המוצר מתאים להתקנה עצמית: מודדים, מזמינים ומדביקים בבית עם קלף וסכין יפנית. מעדיפים שנעשה את זה בשבילכם? אפשר להוסיף התקנה מקצועית בהזמנה.",,,true,true,true,41,
im915,im915,IM915,קרם פנינה טקסטורה,wallpaper,חלק ונקי,טקסטורה,ציפוי פולימרי בהדבקה עצמית,119,meter,"קרם פנינה טקסטורה IM915: קרם פנינה עם טקסטורה וברק עדין. טפט בהדבקה עצמית, עבה ועמיד, עם שכבת הגנה מפני שריטות ודהיית צבע. מתאים להתקנה עצמית.","קרם פנינה טקסטורה (IM915) הוא קרם פנינה עם טקסטורה וברק עדין. גוון אחיד ונקי שמשתלב בקלות בכל חלל, ונותן למשטח ישן מראה חדש ומסודר.

הטפט מתאים לדלתות, לחזיתות מטבח, למקררים, למשטחי שיש, לקירות ולארונות חשמל. בכל לשונית בעמוד תמצאו הדמיה, מחיר והנחיות שמתאימות למשטח שבחרתם.

זה ציפוי פולימרי עבה ועמיד בהדבקה עצמית, עם שכבת הגנה מפני שריטות ודהיית צבע. מדביקים אותו ישירות על המשטח הקיים, בלי לפרק ובלי להחליף.

המוצר מתאים להתקנה עצמית: מודדים, מזמינים ומדביקים בבית עם קלף וסכין יפנית. מעדיפים שנעשה את זה בשבילכם? אפשר להוסיף התקנה מקצועית בהזמנה.",,,true,true,true,42,
sd908,sd908,SD908,שחור מט,wallpaper,חלק ונקי,מט,ציפוי פולימרי בהדבקה עצמית,119,meter,"שחור מט SD908: שחור עמוק בגימור מט. טפט בהדבקה עצמית, עבה ועמיד, עם שכבת הגנה מפני שריטות ודהיית צבע. מתאים להתקנה עצמית.","שחור מט (SD908) הוא שחור עמוק בגימור מט. גוון אחיד ונקי שמשתלב בקלות בכל חלל, ונותן למשטח ישן מראה חדש ומסודר.

הטפט מתאים לדלתות, לחזיתות מטבח, למקררים, למשטחי שיש, לקירות ולארונות חשמל. בכל לשונית בעמוד תמצאו הדמיה, מחיר והנחיות שמתאימות למשטח שבחרתם.

זה ציפוי פולימרי עבה ועמיד בהדבקה עצמית, עם שכבת הגנה מפני שריטות ודהיית צבע. מדביקים אותו ישירות על המשטח הקיים, בלי לפרק ובלי להחליף.

המוצר מתאים להתקנה עצמית: מודדים, מזמינים ומדביקים בבית עם קלף וסכין יפנית. מעדיפים שנעשה את זה בשבילכם? אפשר להוסיף התקנה מקצועית בהזמנה.",,,true,true,true,43,
sd944,sd944,SD944,שחור פסים,wallpaper,חלק ונקי,טקסטורת פסים,ציפוי פולימרי בהדבקה עצמית,119,meter,"שחור פסים SD944: שחור עם טקסטורת פסים עדינה. טפט בהדבקה עצמית, עבה ועמיד, עם שכבת הגנה מפני שריטות ודהיית צבע. מתאים להתקנה עצמית.","שחור פסים (SD944) הוא שחור עם טקסטורת פסים עדינה. גוון אחיד ונקי שמשתלב בקלות בכל חלל, ונותן למשטח ישן מראה חדש ומסודר.

הטפט מתאים לדלתות, לחזיתות מטבח, למקררים, למשטחי שיש, לקירות ולארונות חשמל. בכל לשונית בעמוד תמצאו הדמיה, מחיר והנחיות שמתאימות למשטח שבחרתם.

זה ציפוי פולימרי עבה ועמיד בהדבקה עצמית, עם שכבת הגנה מפני שריטות ודהיית צבע. מדביקים אותו ישירות על המשטח הקיים, בלי לפרק ובלי להחליף.

המוצר מתאים להתקנה עצמית: מודדים, מזמינים ומדביקים בבית עם קלף וסכין יפנית. מעדיפים שנעשה את זה בשבילכם? אפשר להוסיף התקנה מקצועית בהזמנה.",,,true,true,true,44,
ip413-12,ip413-12,IP413-12,שיש עם גידים,wallpaper,אבן / שיש / בטון,דמוי שיש,ציפוי פולימרי בהדבקה עצמית,119,meter,"שיש עם גידים IP413-12: שיש בהיר עם גידים. טפט בהדבקה עצמית, עבה ועמיד, עם שכבת הגנה מפני שריטות ודהיית צבע. מתאים להתקנה עצמית.","שיש עם גידים (IP413-12) הוא שיש בהיר עם גידים. מראה של אבן, בטון או טיח עם תנועה עדינה בטקסטורה, שנותן למשטח נוכחות בלי המשקל והמחיר של חומר אמיתי.

הטפט מתאים לדלתות, לחזיתות מטבח, למקררים, למשטחי שיש, לקירות ולארונות חשמל. בכל לשונית בעמוד תמצאו הדמיה, מחיר והנחיות שמתאימות למשטח שבחרתם.

זה ציפוי פולימרי עבה ועמיד בהדבקה עצמית, עם שכבת הגנה מפני שריטות ודהיית צבע. מדביקים אותו ישירות על המשטח הקיים, בלי לפרק ובלי להחליף.

המוצר מתאים להתקנה עצמית: מודדים, מזמינים ומדביקים בבית עם קלף וסכין יפנית. מעדיפים שנעשה את זה בשבילכם? אפשר להוסיף התקנה מקצועית בהזמנה.",,,true,true,true,45,
sd874,sd874,SD874,שמנת,wallpaper,חלק ונקי,מט,ציפוי פולימרי בהדבקה עצמית,119,meter,"שמנת SD874: גוון שמנת חמים. טפט בהדבקה עצמית, עבה ועמיד, עם שכבת הגנה מפני שריטות ודהיית צבע. מתאים להתקנה עצמית.","שמנת (SD874) הוא גוון שמנת חמים. גוון אחיד ונקי שמשתלב בקלות בכל חלל, ונותן למשטח ישן מראה חדש ומסודר.

הטפט מתאים לדלתות, לחזיתות מטבח, למקררים, למשטחי שיש, לקירות ולארונות חשמל. בכל לשונית בעמוד תמצאו הדמיה, מחיר והנחיות שמתאימות למשטח שבחרתם.

זה ציפוי פולימרי עבה ועמיד בהדבקה עצמית, עם שכבת הגנה מפני שריטות ודהיית צבע. מדביקים אותו ישירות על המשטח הקיים, בלי לפרק ובלי להחליף.

המוצר מתאים להתקנה עצמית: מודדים, מזמינים ומדביקים בבית עם קלף וסכין יפנית. מעדיפים שנעשה את זה בשבילכם? אפשר להוסיף התקנה מקצועית בהזמנה.",,,true,true,true,46,
pcr510,pcr510,PCR510,תכלת מעושן,wallpaper,אבן / שיש / בטון,טקסטורת טיח,ציפוי פולימרי בהדבקה עצמית,119,meter,"תכלת מעושן PCR510: תכלת מעושן עם תנועה עדינה בטקסטורה. טפט בהדבקה עצמית, עבה ועמיד, עם שכבת הגנה מפני שריטות ודהיית צבע. מתאים להתקנה עצמית.","תכלת מעושן (PCR510) הוא תכלת מעושן עם תנועה עדינה בטקסטורה. מראה של אבן, בטון או טיח עם תנועה עדינה בטקסטורה, שנותן למשטח נוכחות בלי המשקל והמחיר של חומר אמיתי.

הטפט מתאים לדלתות, לחזיתות מטבח, למקררים, למשטחי שיש, לקירות ולארונות חשמל. בכל לשונית בעמוד תמצאו הדמיה, מחיר והנחיות שמתאימות למשטח שבחרתם.

זה ציפוי פולימרי עבה ועמיד בהדבקה עצמית, עם שכבת הגנה מפני שריטות ודהיית צבע. מדביקים אותו ישירות על המשטח הקיים, בלי לפרק ובלי להחליף.

המוצר מתאים להתקנה עצמית: מודדים, מזמינים ומדביקים בבית עם קלף וסכין יפנית. מעדיפים שנעשה את זה בשבילכם? אפשר להוסיף התקנה מקצועית בהזמנה.",,,true,true,true,47,
door-diagonals,אלכסונים,,אלכסונים,designed_door,מעוצב ודקורטיבי,הדפסה עם אפקט עומק,ציפוי פולימרי בהדבקה עצמית,305,side,"טפט מעוצב לדלת בדגם אלכסונים. הדפסה חדה עם אפקט עומק תלת ממדי, שהופכת דלת קיימת לאלמנט עיצובי. המחיר לצד אחד של דלת.","דגם אלכסונים הוא טפט מעוצב לדלת, למי שרוצה יותר מצבע אחיד. הדלת הקיימת נשארת במקום ומקבלת אופי, עומק ונוכחות.

הטפט מיוצר בהדפסה איכותית ומדויקת, שנותנת לדוגמה חדות ואפקט תלת ממדי. הדגם זמין ב-7 גוונים, כך שאפשר להתאים אותו לצבעי הקירות והחלל.

יחידה אחת מכסה צד אחד של דלת. אפשר להדביק לבד עם קלף וסכין יפנית, או להוסיף התקנה מקצועית בהזמנה.",,,false,true,true,48,
door-four-nickel-strips,ארבעה-פסי-ניקל,,ארבעה פסי ניקל,designed_door,מעוצב ודקורטיבי,הדפסה עם אפקט עומק,ציפוי פולימרי בהדבקה עצמית,305,side,"טפט מעוצב לדלת בדגם ארבעה פסי ניקל. הדפסה חדה עם אפקט עומק תלת ממדי, שהופכת דלת קיימת לאלמנט עיצובי. המחיר לצד אחד של דלת.","דגם ארבעה פסי ניקל הוא טפט מעוצב לדלת, למי שרוצה יותר מצבע אחיד. הדלת הקיימת נשארת במקום ומקבלת אופי, עומק ונוכחות.

הטפט מיוצר בהדפסה איכותית ומדויקת, שנותנת לדוגמה חדות ואפקט תלת ממדי. הדגם זמין ב-7 גוונים, כך שאפשר להתאים אותו לצבעי הקירות והחלל.

יחידה אחת מכסה צד אחד של דלת. אפשר להדביק לבד עם קלף וסכין יפנית, או להוסיף התקנה מקצועית בהזמנה.",,,false,true,true,49,
door-bari,בארי,,בארי,designed_door,מעוצב ודקורטיבי,הדפסה עם אפקט עומק,ציפוי פולימרי בהדבקה עצמית,305,side,"טפט מעוצב לדלת בדגם בארי. הדפסה חדה עם אפקט עומק תלת ממדי, שהופכת דלת קיימת לאלמנט עיצובי. המחיר לצד אחד של דלת.","דגם בארי הוא טפט מעוצב לדלת, למי שרוצה יותר מצבע אחיד. הדלת הקיימת נשארת במקום ומקבלת אופי, עומק ונוכחות.

הטפט מיוצר בהדפסה איכותית ומדויקת, שנותנת לדוגמה חדות ואפקט תלת ממדי. הדגם זמין ב-2 גוונים, כך שאפשר להתאים אותו לצבעי הקירות והחלל.

יחידה אחת מכסה צד אחד של דלת. אפשר להדביק לבד עם קלף וסכין יפנית, או להוסיף התקנה מקצועית בהזמנה.",,,false,true,true,50,
door-soft-recess,דמוי-שקע-עדין,,דמוי שקע עדין,designed_door,מעוצב ודקורטיבי,הדפסה עם אפקט עומק,ציפוי פולימרי בהדבקה עצמית,305,side,"טפט מעוצב לדלת בדגם דמוי שקע עדין. הדפסה חדה עם אפקט עומק תלת ממדי, שהופכת דלת קיימת לאלמנט עיצובי. המחיר לצד אחד של דלת.","דגם דמוי שקע עדין הוא טפט מעוצב לדלת, למי שרוצה יותר מצבע אחיד. הדלת הקיימת נשארת במקום ומקבלת אופי, עומק ונוכחות.

הטפט מיוצר בהדפסה איכותית ומדויקת, שנותנת לדוגמה חדות ואפקט תלת ממדי. הדגם זמין ב-3 גוונים, כך שאפשר להתאים אותו לצבעי הקירות והחלל.

יחידה אחת מכסה צד אחד של דלת. אפשר להדביק לבד עם קלף וסכין יפנית, או להוסיף התקנה מקצועית בהזמנה.",,,false,true,true,51,
door-hawaii,הוואי,,הוואי,designed_door,מעוצב ודקורטיבי,הדפסה עם אפקט עומק,ציפוי פולימרי בהדבקה עצמית,305,side,"טפט מעוצב לדלת בדגם הוואי. הדפסה חדה עם אפקט עומק תלת ממדי, שהופכת דלת קיימת לאלמנט עיצובי. המחיר לצד אחד של דלת.","דגם הוואי הוא טפט מעוצב לדלת, למי שרוצה יותר מצבע אחיד. הדלת הקיימת נשארת במקום ומקבלת אופי, עומק ונוכחות.

הטפט מיוצר בהדפסה איכותית ומדויקת, שנותנת לדוגמה חדות ואפקט תלת ממדי. הדגם זמין ב-6 גוונים, כך שאפשר להתאים אותו לצבעי הקירות והחלל.

יחידה אחת מכסה צד אחד של דלת. אפשר להדביק לבד עם קלף וסכין יפנית, או להוסיף התקנה מקצועית בהזמנה.",,,false,true,true,52,
door-illustrated,מאוייר,,מאוייר,designed_door,מעוצב ודקורטיבי,הדפסה עם אפקט עומק,ציפוי פולימרי בהדבקה עצמית,305,side,"טפט מעוצב לדלת בדגם מאוייר. הדפסה חדה עם אפקט עומק תלת ממדי, שהופכת דלת קיימת לאלמנט עיצובי. המחיר לצד אחד של דלת.","דגם מאוייר הוא טפט מעוצב לדלת, למי שרוצה יותר מצבע אחיד. הדלת הקיימת נשארת במקום ומקבלת אופי, עומק ונוכחות.

הטפט מיוצר בהדפסה איכותית ומדויקת, שנותנת לדוגמה חדות ואפקט תלת ממדי. הדגם זמין ב-8 גוונים, כך שאפשר להתאים אותו לצבעי הקירות והחלל.

יחידה אחת מכסה צד אחד של דלת. אפשר להדביק לבד עם קלף וסכין יפנית, או להוסיף התקנה מקצועית בהזמנה.",,,false,true,true,53,
door-monaco,מונקו,,מונקו,designed_door,מעוצב ודקורטיבי,הדפסה עם אפקט עומק,ציפוי פולימרי בהדבקה עצמית,305,side,"טפט מעוצב לדלת בדגם מונקו. הדפסה חדה עם אפקט עומק תלת ממדי, שהופכת דלת קיימת לאלמנט עיצובי. המחיר לצד אחד של דלת.","דגם מונקו הוא טפט מעוצב לדלת, למי שרוצה יותר מצבע אחיד. הדלת הקיימת נשארת במקום ומקבלת אופי, עומק ונוכחות.

הטפט מיוצר בהדפסה איכותית ומדויקת, שנותנת לדוגמה חדות ואפקט תלת ממדי. הדגם זמין ב-5 גוונים, כך שאפשר להתאים אותו לצבעי הקירות והחלל.

יחידה אחת מכסה צד אחד של דלת. אפשר להדביק לבד עם קלף וסכין יפנית, או להוסיף התקנה מקצועית בהזמנה.",,,false,true,true,54,
door-milano,מילאנו,,מילאנו,designed_door,מעוצב ודקורטיבי,הדפסה עם אפקט עומק,ציפוי פולימרי בהדבקה עצמית,305,side,"טפט מעוצב לדלת בדגם מילאנו. הדפסה חדה עם אפקט עומק תלת ממדי, שהופכת דלת קיימת לאלמנט עיצובי. המחיר לצד אחד של דלת.","דגם מילאנו הוא טפט מעוצב לדלת, למי שרוצה יותר מצבע אחיד. הדלת הקיימת נשארת במקום ומקבלת אופי, עומק ונוכחות.

הטפט מיוצר בהדפסה איכותית ומדויקת, שנותנת לדוגמה חדות ואפקט תלת ממדי. הדגם זמין ב-3 גוונים, כך שאפשר להתאים אותו לצבעי הקירות והחלל.

יחידה אחת מכסה צד אחד של דלת. אפשר להדביק לבד עם קלף וסכין יפנית, או להוסיף התקנה מקצועית בהזמנה.",,,false,true,true,55,
door-beige-frames,מסגרות-בז,,מסגרות בז',designed_door,מעוצב ודקורטיבי,הדפסה עם אפקט עומק,ציפוי פולימרי בהדבקה עצמית,305,side,"טפט מעוצב לדלת בדגם מסגרות בז'. הדפסה חדה עם אפקט עומק תלת ממדי, שהופכת דלת קיימת לאלמנט עיצובי. המחיר לצד אחד של דלת.","דגם מסגרות בז' הוא טפט מעוצב לדלת, למי שרוצה יותר מצבע אחיד. הדלת הקיימת נשארת במקום ומקבלת אופי, עומק ונוכחות.

הטפט מיוצר בהדפסה איכותית ומדויקת, שנותנת לדוגמה חדות ואפקט תלת ממדי. הדגם זמין ב-4 גוונים, כך שאפשר להתאים אותו לצבעי הקירות והחלל.

יחידה אחת מכסה צד אחד של דלת. אפשר להדביק לבד עם קלף וסכין יפנית, או להוסיף התקנה מקצועית בהזמנה.",,,false,true,true,56,
door-recessed-frames,מסגרות-שקוע,,מסגרות שקוע,designed_door,מעוצב ודקורטיבי,הדפסה עם אפקט עומק,ציפוי פולימרי בהדבקה עצמית,305,side,"טפט מעוצב לדלת בדגם מסגרות שקוע. הדפסה חדה עם אפקט עומק תלת ממדי, שהופכת דלת קיימת לאלמנט עיצובי. המחיר לצד אחד של דלת.","דגם מסגרות שקוע הוא טפט מעוצב לדלת, למי שרוצה יותר מצבע אחיד. הדלת הקיימת נשארת במקום ומקבלת אופי, עומק ונוכחות.

הטפט מיוצר בהדפסה איכותית ומדויקת, שנותנת לדוגמה חדות ואפקט תלת ממדי. הדגם זמין ב-3 גוונים, כך שאפשר להתאים אותו לצבעי הקירות והחלל.

יחידה אחת מכסה צד אחד של דלת. אפשר להדביק לבד עם קלף וסכין יפנית, או להוסיף התקנה מקצועית בהזמנה.",,,false,true,true,57,
door-3d-frames,מסגרות-תלת-מימד,,מסגרות תלת מימד,designed_door,מעוצב ודקורטיבי,הדפסה עם אפקט עומק,ציפוי פולימרי בהדבקה עצמית,305,side,"טפט מעוצב לדלת בדגם מסגרות תלת מימד. הדפסה חדה עם אפקט עומק תלת ממדי, שהופכת דלת קיימת לאלמנט עיצובי. המחיר לצד אחד של דלת.","דגם מסגרות תלת מימד הוא טפט מעוצב לדלת, למי שרוצה יותר מצבע אחיד. הדלת הקיימת נשארת במקום ומקבלת אופי, עומק ונוכחות.

הטפט מיוצר בהדפסה איכותית ומדויקת, שנותנת לדוגמה חדות ואפקט תלת ממדי. הדגם זמין ב-5 גוונים, כך שאפשר להתאים אותו לצבעי הקירות והחלל.

יחידה אחת מכסה צד אחד של דלת. אפשר להדביק לבד עם קלף וסכין יפנית, או להוסיף התקנה מקצועית בהזמנה.",,,false,true,true,58,
door-white-designs,מעוצבים-בלבן,,מעוצבים בלבן,designed_door,מעוצב ודקורטיבי,הדפסה עם אפקט עומק,ציפוי פולימרי בהדבקה עצמית,305,side,"טפט מעוצב לדלת בדגם מעוצבים בלבן. הדפסה חדה עם אפקט עומק תלת ממדי, שהופכת דלת קיימת לאלמנט עיצובי. המחיר לצד אחד של דלת.","דגם מעוצבים בלבן הוא טפט מעוצב לדלת, למי שרוצה יותר מצבע אחיד. הדלת הקיימת נשארת במקום ומקבלת אופי, עומק ונוכחות.

הטפט מיוצר בהדפסה איכותית ומדויקת, שנותנת לדוגמה חדות ואפקט תלת ממדי. הדגם זמין ב-8 גוונים, כך שאפשר להתאים אותו לצבעי הקירות והחלל.

יחידה אחת מכסה צד אחד של דלת. אפשר להדביק לבד עם קלף וסכין יפנית, או להוסיף התקנה מקצועית בהזמנה.",,,false,true,true,59,
door-napoli,נאפולי,,נאפולי,designed_door,מעוצב ודקורטיבי,הדפסה עם אפקט עומק,ציפוי פולימרי בהדבקה עצמית,305,side,"טפט מעוצב לדלת בדגם נאפולי. הדפסה חדה עם אפקט עומק תלת ממדי, שהופכת דלת קיימת לאלמנט עיצובי. המחיר לצד אחד של דלת.","דגם נאפולי הוא טפט מעוצב לדלת, למי שרוצה יותר מצבע אחיד. הדלת הקיימת נשארת במקום ומקבלת אופי, עומק ונוכחות.

הטפט מיוצר בהדפסה איכותית ומדויקת, שנותנת לדוגמה חדות ואפקט תלת ממדי. הדגם זמין ב-8 גוונים, כך שאפשר להתאים אותו לצבעי הקירות והחלל.

יחידה אחת מכסה צד אחד של דלת. אפשר להדביק לבד עם קלף וסכין יפנית, או להוסיף התקנה מקצועית בהזמנה.",,,false,true,true,60,
door-noam,נועם,,נועם,designed_door,מעוצב ודקורטיבי,הדפסה עם אפקט עומק,ציפוי פולימרי בהדבקה עצמית,305,side,"טפט מעוצב לדלת בדגם נועם. הדפסה חדה עם אפקט עומק תלת ממדי, שהופכת דלת קיימת לאלמנט עיצובי. המחיר לצד אחד של דלת.","דגם נועם הוא טפט מעוצב לדלת, למי שרוצה יותר מצבע אחיד. הדלת הקיימת נשארת במקום ומקבלת אופי, עומק ונוכחות.

הטפט מיוצר בהדפסה איכותית ומדויקת, שנותנת לדוגמה חדות ואפקט תלת ממדי. הדגם זמין ב-2 גוונים, כך שאפשר להתאים אותו לצבעי הקירות והחלל.

יחידה אחת מכסה צד אחד של דלת. אפשר להדביק לבד עם קלף וסכין יפנית, או להוסיף התקנה מקצועית בהזמנה.",,,false,true,true,61,
door-geometric-wood,עץ-גאומטרי,,עץ גאומטרי,designed_door,מעוצב ודקורטיבי,הדפסה עם אפקט עומק,ציפוי פולימרי בהדבקה עצמית,305,side,"טפט מעוצב לדלת בדגם עץ גאומטרי. הדפסה חדה עם אפקט עומק תלת ממדי, שהופכת דלת קיימת לאלמנט עיצובי. המחיר לצד אחד של דלת.","דגם עץ גאומטרי הוא טפט מעוצב לדלת, למי שרוצה יותר מצבע אחיד. הדלת הקיימת נשארת במקום ומקבלת אופי, עומק ונוכחות.

הטפט מיוצר בהדפסה איכותית ומדויקת, שנותנת לדוגמה חדות ואפקט תלת ממדי. הדגם זמין ב-3 גוונים, כך שאפשר להתאים אותו לצבעי הקירות והחלל.

יחידה אחת מכסה צד אחד של דלת. אפשר להדביק לבד עם קלף וסכין יפנית, או להוסיף התקנה מקצועית בהזמנה.",,,false,true,true,62,
door-modern-wood,עץ-מודרני,,עץ מודרני,designed_door,מעוצב ודקורטיבי,הדפסה עם אפקט עומק,ציפוי פולימרי בהדבקה עצמית,305,side,"טפט מעוצב לדלת בדגם עץ מודרני. הדפסה חדה עם אפקט עומק תלת ממדי, שהופכת דלת קיימת לאלמנט עיצובי. המחיר לצד אחד של דלת.","דגם עץ מודרני הוא טפט מעוצב לדלת, למי שרוצה יותר מצבע אחיד. הדלת הקיימת נשארת במקום ומקבלת אופי, עומק ונוכחות.

הטפט מיוצר בהדפסה איכותית ומדויקת, שנותנת לדוגמה חדות ואפקט תלת ממדי. הדגם זמין ב-7 גוונים, כך שאפשר להתאים אותו לצבעי הקירות והחלל.

יחידה אחת מכסה צד אחד של דלת. אפשר להדביק לבד עם קלף וסכין יפנית, או להוסיף התקנה מקצועית בהזמנה.",,,false,true,true,63,
door-firenze,פירנצה,,פירנצה,designed_door,מעוצב ודקורטיבי,הדפסה עם אפקט עומק,ציפוי פולימרי בהדבקה עצמית,305,side,"טפט מעוצב לדלת בדגם פירנצה. הדפסה חדה עם אפקט עומק תלת ממדי, שהופכת דלת קיימת לאלמנט עיצובי. המחיר לצד אחד של דלת.","דגם פירנצה הוא טפט מעוצב לדלת, למי שרוצה יותר מצבע אחיד. הדלת הקיימת נשארת במקום ומקבלת אופי, עומק ונוכחות.

הטפט מיוצר בהדפסה איכותית ומדויקת, שנותנת לדוגמה חדות ואפקט תלת ממדי. הדגם זמין ב-7 גוונים, כך שאפשר להתאים אותו לצבעי הקירות והחלל.

יחידה אחת מכסה צד אחד של דלת. אפשר להדביק לבד עם קלף וסכין יפנית, או להוסיף התקנה מקצועית בהזמנה.",,,false,true,true,64,
door-vertical-strips,פסים-לאורך,,פסים לאורך,designed_door,מעוצב ודקורטיבי,הדפסה עם אפקט עומק,ציפוי פולימרי בהדבקה עצמית,305,side,"טפט מעוצב לדלת בדגם פסים לאורך. הדפסה חדה עם אפקט עומק תלת ממדי, שהופכת דלת קיימת לאלמנט עיצובי. המחיר לצד אחד של דלת.","דגם פסים לאורך הוא טפט מעוצב לדלת, למי שרוצה יותר מצבע אחיד. הדלת הקיימת נשארת במקום ומקבלת אופי, עומק ונוכחות.

הטפט מיוצר בהדפסה איכותית ומדויקת, שנותנת לדוגמה חדות ואפקט תלת ממדי. הדגם זמין ב-2 גוונים, כך שאפשר להתאים אותו לצבעי הקירות והחלל.

יחידה אחת מכסה צד אחד של דלת. אפשר להדביק לבד עם קלף וסכין יפנית, או להוסיף התקנה מקצועית בהזמנה.",,,false,true,true,65,
door-close-strips,פסים-צמודים,,פסים צמודים,designed_door,מעוצב ודקורטיבי,הדפסה עם אפקט עומק,ציפוי פולימרי בהדבקה עצמית,305,side,"טפט מעוצב לדלת בדגם פסים צמודים. הדפסה חדה עם אפקט עומק תלת ממדי, שהופכת דלת קיימת לאלמנט עיצובי. המחיר לצד אחד של דלת.","דגם פסים צמודים הוא טפט מעוצב לדלת, למי שרוצה יותר מצבע אחיד. הדלת הקיימת נשארת במקום ומקבלת אופי, עומק ונוכחות.

הטפט מיוצר בהדפסה איכותית ומדויקת, שנותנת לדוגמה חדות ואפקט תלת ממדי. הדגם זמין ב-2 גוונים, כך שאפשר להתאים אותו לצבעי הקירות והחלל.

יחידה אחת מכסה צד אחד של דלת. אפשר להדביק לבד עם קלף וסכין יפנית, או להוסיף התקנה מקצועית בהזמנה.",,,false,true,true,66,
door-floral,פרחוני,,פרחוני,designed_door,מעוצב ודקורטיבי,הדפסה עם אפקט עומק,ציפוי פולימרי בהדבקה עצמית,305,side,"טפט מעוצב לדלת בדגם פרחוני. הדפסה חדה עם אפקט עומק תלת ממדי, שהופכת דלת קיימת לאלמנט עיצובי. המחיר לצד אחד של דלת.","דגם פרחוני הוא טפט מעוצב לדלת, למי שרוצה יותר מצבע אחיד. הדלת הקיימת נשארת במקום ומקבלת אופי, עומק ונוכחות.

הטפט מיוצר בהדפסה איכותית ומדויקת, שנותנת לדוגמה חדות ואפקט תלת ממדי. הדגם זמין ב-4 גוונים, כך שאפשר להתאים אותו לצבעי הקירות והחלל.

יחידה אחת מכסה צד אחד של דלת. אפשר להדביק לבד עם קלף וסכין יפנית, או להוסיף התקנה מקצועית בהזמנה.",,,false,true,true,67,
door-roma,רומא,,רומא,designed_door,מעוצב ודקורטיבי,הדפסה עם אפקט עומק,ציפוי פולימרי בהדבקה עצמית,305,side,"טפט מעוצב לדלת בדגם רומא. הדפסה חדה עם אפקט עומק תלת ממדי, שהופכת דלת קיימת לאלמנט עיצובי. המחיר לצד אחד של דלת.","דגם רומא הוא טפט מעוצב לדלת, למי שרוצה יותר מצבע אחיד. הדלת הקיימת נשארת במקום ומקבלת אופי, עומק ונוכחות.

הטפט מיוצר בהדפסה איכותית ומדויקת, שנותנת לדוגמה חדות ואפקט תלת ממדי. הדגם זמין ב-5 גוונים, כך שאפשר להתאים אותו לצבעי הקירות והחלל.

יחידה אחת מכסה צד אחד של דלת. אפשר להדביק לבד עם קלף וסכין יפנית, או להוסיף התקנה מקצועית בהזמנה.",,,false,true,true,68,
door-three-stepped-strips,שלושה-פסים-מדורג,,שלושה פסים מדורג,designed_door,מעוצב ודקורטיבי,הדפסה עם אפקט עומק,ציפוי פולימרי בהדבקה עצמית,305,side,"טפט מעוצב לדלת בדגם שלושה פסים מדורג. הדפסה חדה עם אפקט עומק תלת ממדי, שהופכת דלת קיימת לאלמנט עיצובי. המחיר לצד אחד של דלת.","דגם שלושה פסים מדורג הוא טפט מעוצב לדלת, למי שרוצה יותר מצבע אחיד. הדלת הקיימת נשארת במקום ומקבלת אופי, עומק ונוכחות.

הטפט מיוצר בהדפסה איכותית ומדויקת, שנותנת לדוגמה חדות ואפקט תלת ממדי. הדגם זמין ב-5 גוונים, כך שאפשר להתאים אותו לצבעי הקירות והחלל.

יחידה אחת מכסה צד אחד של דלת. אפשר להדביק לבד עם קלף וסכין יפנית, או להוסיף התקנה מקצועית בהזמנה.",,,false,true,true,69,
door-grey-stepped-chains,אפור-מדורג-שרשראות,,אפור מדורג שרשראות,designed_door,מעוצב ודקורטיבי,הדפסה עם אפקט עומק,ציפוי פולימרי בהדבקה עצמית,305,side,"טפט מעוצב לדלת בדגם אפור מדורג שרשראות. הדפסה חדה עם אפקט עומק תלת ממדי, שהופכת דלת קיימת לאלמנט עיצובי. המחיר לצד אחד של דלת.","דגם אפור מדורג שרשראות הוא טפט מעוצב לדלת, למי שרוצה יותר מצבע אחיד. הדלת הקיימת נשארת במקום ומקבלת אופי, עומק ונוכחות.

הטפט מיוצר בהדפסה איכותית ומדויקת, שנותנת לדוגמה חדות ואפקט תלת ממדי.

יחידה אחת מכסה צד אחד של דלת. אפשר להדביק לבד עם קלף וסכין יפנית, או להוסיף התקנה מקצועית בהזמנה.",,,false,true,true,70,
door-cool-grey-frames,אפור-קר-מסגרות,,אפור קר מסגרות,designed_door,מעוצב ודקורטיבי,הדפסה עם אפקט עומק,ציפוי פולימרי בהדבקה עצמית,305,side,"טפט מעוצב לדלת בדגם אפור קר מסגרות. הדפסה חדה עם אפקט עומק תלת ממדי, שהופכת דלת קיימת לאלמנט עיצובי. המחיר לצד אחד של דלת.","דגם אפור קר מסגרות הוא טפט מעוצב לדלת, למי שרוצה יותר מצבע אחיד. הדלת הקיימת נשארת במקום ומקבלת אופי, עומק ונוכחות.

הטפט מיוצר בהדפסה איכותית ומדויקת, שנותנת לדוגמה חדות ואפקט תלת ממדי.

יחידה אחת מכסה צד אחד של דלת. אפשר להדביק לבד עם קלף וסכין יפנית, או להוסיף התקנה מקצועית בהזמנה.",,,false,true,true,71,
door-beige-two-black-strips,בז-2-פסים-שחורים,,בז' 2 פסים שחורים,designed_door,מעוצב ודקורטיבי,הדפסה עם אפקט עומק,ציפוי פולימרי בהדבקה עצמית,305,side,"טפט מעוצב לדלת בדגם בז' 2 פסים שחורים. הדפסה חדה עם אפקט עומק תלת ממדי, שהופכת דלת קיימת לאלמנט עיצובי. המחיר לצד אחד של דלת.","דגם בז' 2 פסים שחורים הוא טפט מעוצב לדלת, למי שרוצה יותר מצבע אחיד. הדלת הקיימת נשארת במקום ומקבלת אופי, עומק ונוכחות.

הטפט מיוצר בהדפסה איכותית ומדויקת, שנותנת לדוגמה חדות ואפקט תלת ממדי.

יחידה אחת מכסה צד אחד של דלת. אפשר להדביק לבד עם קלף וסכין יפנית, או להוסיף התקנה מקצועית בהזמנה.",,,false,true,true,72,
door-havana-cream,הוואנה-שמנת,,הוואנה שמנת,designed_door,מעוצב ודקורטיבי,הדפסה עם אפקט עומק,ציפוי פולימרי בהדבקה עצמית,305,side,"טפט מעוצב לדלת בדגם הוואנה שמנת. הדפסה חדה עם אפקט עומק תלת ממדי, שהופכת דלת קיימת לאלמנט עיצובי. המחיר לצד אחד של דלת.","דגם הוואנה שמנת הוא טפט מעוצב לדלת, למי שרוצה יותר מצבע אחיד. הדלת הקיימת נשארת במקום ומקבלת אופי, עומק ונוכחות.

הטפט מיוצר בהדפסה איכותית ומדויקת, שנותנת לדוגמה חדות ואפקט תלת ממדי.

יחידה אחת מכסה צד אחד של דלת. אפשר להדביק לבד עם קלף וסכין יפנית, או להוסיף התקנה מקצועית בהזמנה.",,,false,true,true,73,
door-london-dark-grey,לונדון-אפור-כהה,,לונדון אפור כהה,designed_door,מעוצב ודקורטיבי,הדפסה עם אפקט עומק,ציפוי פולימרי בהדבקה עצמית,305,side,"טפט מעוצב לדלת בדגם לונדון אפור כהה. הדפסה חדה עם אפקט עומק תלת ממדי, שהופכת דלת קיימת לאלמנט עיצובי. המחיר לצד אחד של דלת.","דגם לונדון אפור כהה הוא טפט מעוצב לדלת, למי שרוצה יותר מצבע אחיד. הדלת הקיימת נשארת במקום ומקבלת אופי, עומק ונוכחות.

הטפט מיוצר בהדפסה איכותית ומדויקת, שנותנת לדוגמה חדות ואפקט תלת ממדי.

יחידה אחת מכסה צד אחד של דלת. אפשר להדביק לבד עם קלף וסכין יפנית, או להוסיף התקנה מקצועית בהזמנה.",,,false,true,true,74,
door-purple-friends,סגול-חברים,,סגול חברים,designed_door,מעוצב ודקורטיבי,הדפסה עם אפקט עומק,ציפוי פולימרי בהדבקה עצמית,305,side,"טפט מעוצב לדלת בדגם סגול חברים. הדפסה חדה עם אפקט עומק תלת ממדי, שהופכת דלת קיימת לאלמנט עיצובי. המחיר לצד אחד של דלת.","דגם סגול חברים הוא טפט מעוצב לדלת, למי שרוצה יותר מצבע אחיד. הדלת הקיימת נשארת במקום ומקבלת אופי, עומק ונוכחות.

הטפט מיוצר בהדפסה איכותית ומדויקת, שנותנת לדוגמה חדות ואפקט תלת ממדי.

יחידה אחת מכסה צד אחד של דלת. אפשר להדביק לבד עם קלף וסכין יפנית, או להוסיף התקנה מקצועית בהזמנה.",,,false,true,true,75,
door-wood-flowers,עץ-פרחים,,עץ פרחים,designed_door,מעוצב ודקורטיבי,הדפסה עם אפקט עומק,ציפוי פולימרי בהדבקה עצמית,305,side,"טפט מעוצב לדלת בדגם עץ פרחים. הדפסה חדה עם אפקט עומק תלת ממדי, שהופכת דלת קיימת לאלמנט עיצובי. המחיר לצד אחד של דלת.","דגם עץ פרחים הוא טפט מעוצב לדלת, למי שרוצה יותר מצבע אחיד. הדלת הקיימת נשארת במקום ומקבלת אופי, עומק ונוכחות.

הטפט מיוצר בהדפסה איכותית ומדויקת, שנותנת לדוגמה חדות ואפקט תלת ממדי.

יחידה אחת מכסה צד אחד של דלת. אפשר להדביק לבד עם קלף וסכין יפנית, או להוסיף התקנה מקצועית בהזמנה.",,,false,true,true,76,
door-black-two-nickel-strips,שחור-2-פסי-ניקל,,שחור 2 פסי ניקל,designed_door,מעוצב ודקורטיבי,הדפסה עם אפקט עומק,ציפוי פולימרי בהדבקה עצמית,305,side,"טפט מעוצב לדלת בדגם שחור 2 פסי ניקל. הדפסה חדה עם אפקט עומק תלת ממדי, שהופכת דלת קיימת לאלמנט עיצובי. המחיר לצד אחד של דלת.","דגם שחור 2 פסי ניקל הוא טפט מעוצב לדלת, למי שרוצה יותר מצבע אחיד. הדלת הקיימת נשארת במקום ומקבלת אופי, עומק ונוכחות.

הטפט מיוצר בהדפסה איכותית ומדויקת, שנותנת לדוגמה חדות ואפקט תלת ממדי.

יחידה אחת מכסה צד אחד של דלת. אפשר להדביק לבד עם קלף וסכין יפנית, או להוסיף התקנה מקצועית בהזמנה.",,,false,true,true,77,
rug-01,שטיח-PVC-אהבה,,שטיח PVC אהבה,pvc_rug,"שטיחי PVC, כללי",,PVC,190,size,"שטיח PVC אהבה. שטיח דק ועמיד שאינו סופג נוזלים וקל לניקוי, במגוון מידות.","שטיחי PVC מעוצבים SoloFloor משלבים מראה של שטיח מעוצב עם הפרקטיות של PVC: משטח דק, עמיד ונוח לתחזוקה, שתוכנן לשימוש יומיומי בבית.

השטיח אינו סופג נוזלים, קל ומהיר לניקוי, ועוביו 2.5 מ""מ. הוא מתאים למטבח, לסלון ולחדרי ילדים, ונוח במיוחד לבתים עם ילדים וחיות מחמד.

מגוון המידות מאפשר להוסיף צבע ואופי לחלל, בלי התחזוקה המורכבת של שטיח בד.",,2.5,false,false,true,78,
rug-02,שטיח-PVC-גיבור-על,,שטיח PVC גיבור על,pvc_rug,"שטיחי PVC, כללי",,PVC,190,size,"שטיח PVC גיבור על. שטיח דק ועמיד שאינו סופג נוזלים וקל לניקוי, במגוון מידות.","שטיחי PVC מעוצבים SoloFloor משלבים מראה של שטיח מעוצב עם הפרקטיות של PVC: משטח דק, עמיד ונוח לתחזוקה, שתוכנן לשימוש יומיומי בבית.

השטיח אינו סופג נוזלים, קל ומהיר לניקוי, ועוביו 2.5 מ""מ. הוא מתאים למטבח, לסלון ולחדרי ילדים, ונוח במיוחד לבתים עם ילדים וחיות מחמד.

מגוון המידות מאפשר להוסיף צבע ואופי לחלל, בלי התחזוקה המורכבת של שטיח בד.",,2.5,false,false,true,79,
rug-03,שטיח-PVC-חיות-בטבע,,שטיח PVC חיות בטבע,pvc_rug,"שטיחי PVC, כללי",,PVC,190,size,"שטיח PVC חיות בטבע. שטיח דק ועמיד שאינו סופג נוזלים וקל לניקוי, במגוון מידות.","שטיחי PVC מעוצבים SoloFloor משלבים מראה של שטיח מעוצב עם הפרקטיות של PVC: משטח דק, עמיד ונוח לתחזוקה, שתוכנן לשימוש יומיומי בבית.

השטיח אינו סופג נוזלים, קל ומהיר לניקוי, ועוביו 2.5 מ""מ. הוא מתאים למטבח, לסלון ולחדרי ילדים, ונוח במיוחד לבתים עם ילדים וחיות מחמד.

מגוון המידות מאפשר להוסיף צבע ואופי לחלל, בלי התחזוקה המורכבת של שטיח בד.",,2.5,false,false,true,80,
rug-04,שטיח-PVC-חמסה,,שטיח PVC חמסה,pvc_rug,"שטיחי PVC, כללי",,PVC,190,size,"שטיח PVC חמסה. שטיח דק ועמיד שאינו סופג נוזלים וקל לניקוי, במגוון מידות.","שטיחי PVC מעוצבים SoloFloor משלבים מראה של שטיח מעוצב עם הפרקטיות של PVC: משטח דק, עמיד ונוח לתחזוקה, שתוכנן לשימוש יומיומי בבית.

השטיח אינו סופג נוזלים, קל ומהיר לניקוי, ועוביו 2.5 מ""מ. הוא מתאים למטבח, לסלון ולחדרי ילדים, ונוח במיוחד לבתים עם ילדים וחיות מחמד.

מגוון המידות מאפשר להוסיף צבע ואופי לחלל, בלי התחזוקה המורכבת של שטיח בד.",,2.5,false,false,true,81,
rug-05,שטיח-PVC-טנקים,,שטיח PVC טנקים,pvc_rug,"שטיחי PVC, כללי",,PVC,190,size,"שטיח PVC טנקים. שטיח דק ועמיד שאינו סופג נוזלים וקל לניקוי, במגוון מידות.","שטיחי PVC מעוצבים SoloFloor משלבים מראה של שטיח מעוצב עם הפרקטיות של PVC: משטח דק, עמיד ונוח לתחזוקה, שתוכנן לשימוש יומיומי בבית.

השטיח אינו סופג נוזלים, קל ומהיר לניקוי, ועוביו 2.5 מ""מ. הוא מתאים למטבח, לסלון ולחדרי ילדים, ונוח במיוחד לבתים עם ילדים וחיות מחמד.

מגוון המידות מאפשר להוסיף צבע ואופי לחלל, בלי התחזוקה המורכבת של שטיח בד.",,2.5,false,false,true,82,
rug-06,שטיח-PVC-טרוורטין-1,,שטיח PVC טרוורטין 1,pvc_rug,"שטיחי PVC, כללי",,PVC,190,size,"שטיח PVC טרוורטין 1. שטיח דק ועמיד שאינו סופג נוזלים וקל לניקוי, במגוון מידות.","שטיחי PVC מעוצבים SoloFloor משלבים מראה של שטיח מעוצב עם הפרקטיות של PVC: משטח דק, עמיד ונוח לתחזוקה, שתוכנן לשימוש יומיומי בבית.

השטיח אינו סופג נוזלים, קל ומהיר לניקוי, ועוביו 2.5 מ""מ. הוא מתאים למטבח, לסלון ולחדרי ילדים, ונוח במיוחד לבתים עם ילדים וחיות מחמד.

מגוון המידות מאפשר להוסיף צבע ואופי לחלל, בלי התחזוקה המורכבת של שטיח בד.",,2.5,false,false,true,83,
rug-07,שטיח-PVC-טרוורטין-2,,שטיח PVC טרוורטין 2,pvc_rug,"שטיחי PVC, כללי",,PVC,190,size,"שטיח PVC טרוורטין 2. שטיח דק ועמיד שאינו סופג נוזלים וקל לניקוי, במגוון מידות.","שטיחי PVC מעוצבים SoloFloor משלבים מראה של שטיח מעוצב עם הפרקטיות של PVC: משטח דק, עמיד ונוח לתחזוקה, שתוכנן לשימוש יומיומי בבית.

השטיח אינו סופג נוזלים, קל ומהיר לניקוי, ועוביו 2.5 מ""מ. הוא מתאים למטבח, לסלון ולחדרי ילדים, ונוח במיוחד לבתים עם ילדים וחיות מחמד.

מגוון המידות מאפשר להוסיף צבע ואופי לחלל, בלי התחזוקה המורכבת של שטיח בד.",,2.5,false,false,true,84,
rug-08,שטיח-PVC-טרוורטין-שמנת,,שטיח PVC טרוורטין שמנת,pvc_rug,"שטיחי PVC, כללי",,PVC,190,size,"שטיח PVC טרוורטין שמנת. שטיח דק ועמיד שאינו סופג נוזלים וקל לניקוי, במגוון מידות.","שטיחי PVC מעוצבים SoloFloor משלבים מראה של שטיח מעוצב עם הפרקטיות של PVC: משטח דק, עמיד ונוח לתחזוקה, שתוכנן לשימוש יומיומי בבית.

השטיח אינו סופג נוזלים, קל ומהיר לניקוי, ועוביו 2.5 מ""מ. הוא מתאים למטבח, לסלון ולחדרי ילדים, ונוח במיוחד לבתים עם ילדים וחיות מחמד.

מגוון המידות מאפשר להוסיף צבע ואופי לחלל, בלי התחזוקה המורכבת של שטיח בד.",,2.5,false,false,true,85,
rug-09,שטיח-PVC-טרופי,,שטיח PVC טרופי,pvc_rug,"שטיחי PVC, כללי",,PVC,190,size,"שטיח PVC טרופי. שטיח דק ועמיד שאינו סופג נוזלים וקל לניקוי, במגוון מידות.","שטיחי PVC מעוצבים SoloFloor משלבים מראה של שטיח מעוצב עם הפרקטיות של PVC: משטח דק, עמיד ונוח לתחזוקה, שתוכנן לשימוש יומיומי בבית.

השטיח אינו סופג נוזלים, קל ומהיר לניקוי, ועוביו 2.5 מ""מ. הוא מתאים למטבח, לסלון ולחדרי ילדים, ונוח במיוחד לבתים עם ילדים וחיות מחמד.

מגוון המידות מאפשר להוסיף צבע ואופי לחלל, בלי התחזוקה המורכבת של שטיח בד.",,2.5,false,false,true,86,
rug-10,שטיח-PVC-טרצו,,שטיח PVC טרצו,pvc_rug,"שטיחי PVC, כללי",,PVC,190,size,"שטיח PVC טרצו. שטיח דק ועמיד שאינו סופג נוזלים וקל לניקוי, במגוון מידות.","שטיחי PVC מעוצבים SoloFloor משלבים מראה של שטיח מעוצב עם הפרקטיות של PVC: משטח דק, עמיד ונוח לתחזוקה, שתוכנן לשימוש יומיומי בבית.

השטיח אינו סופג נוזלים, קל ומהיר לניקוי, ועוביו 2.5 מ""מ. הוא מתאים למטבח, לסלון ולחדרי ילדים, ונוח במיוחד לבתים עם ילדים וחיות מחמד.

מגוון המידות מאפשר להוסיף צבע ואופי לחלל, בלי התחזוקה המורכבת של שטיח בד.",,2.5,false,false,true,87,
rug-11,שטיח-PVC-לוח-דמקה,,שטיח PVC לוח דמקה,pvc_rug,"שטיחי PVC, כללי",,PVC,190,size,"שטיח PVC לוח דמקה. שטיח דק ועמיד שאינו סופג נוזלים וקל לניקוי, במגוון מידות.","שטיחי PVC מעוצבים SoloFloor משלבים מראה של שטיח מעוצב עם הפרקטיות של PVC: משטח דק, עמיד ונוח לתחזוקה, שתוכנן לשימוש יומיומי בבית.

השטיח אינו סופג נוזלים, קל ומהיר לניקוי, ועוביו 2.5 מ""מ. הוא מתאים למטבח, לסלון ולחדרי ילדים, ונוח במיוחד לבתים עם ילדים וחיות מחמד.

מגוון המידות מאפשר להוסיף צבע ואופי לחלל, בלי התחזוקה המורכבת של שטיח בד.",,2.5,false,false,true,88,
rug-12,שטיח-PVC-לכניסה-אהבה,,שטיח PVC לכניסה אהבה,pvc_rug,"שטיחי PVC, כניסה",,PVC,190,size,"שטיח PVC לכניסה אהבה. שטיח דק ועמיד שאינו סופג נוזלים וקל לניקוי, במגוון מידות.","שטיחי PVC מעוצבים SoloFloor משלבים מראה של שטיח מעוצב עם הפרקטיות של PVC: משטח דק, עמיד ונוח לתחזוקה, שתוכנן לשימוש יומיומי בבית.

השטיח אינו סופג נוזלים, קל ומהיר לניקוי, ועוביו 2.5 מ""מ. הוא מתאים למטבח, לסלון ולחדרי ילדים, ונוח במיוחד לבתים עם ילדים וחיות מחמד.

מגוון המידות מאפשר להוסיף צבע ואופי לחלל, בלי התחזוקה המורכבת של שטיח בד.",,2.5,false,false,true,89,
rug-13,שטיח-PVC-לכניסה-גולגולת-עם-כיתוב-דו-צדדי-תכנס-תלך,,שטיח PVC לכניסה גולגולת עם כיתוב דו צדדי תכנס-תלך,pvc_rug,"שטיחי PVC, כניסה",,PVC,190,size,"שטיח PVC לכניסה גולגולת עם כיתוב דו צדדי תכנס-תלך. שטיח דק ועמיד שאינו סופג נוזלים וקל לניקוי, במגוון מידות.","שטיחי PVC מעוצבים SoloFloor משלבים מראה של שטיח מעוצב עם הפרקטיות של PVC: משטח דק, עמיד ונוח לתחזוקה, שתוכנן לשימוש יומיומי בבית.

השטיח אינו סופג נוזלים, קל ומהיר לניקוי, ועוביו 2.5 מ""מ. הוא מתאים למטבח, לסלון ולחדרי ילדים, ונוח במיוחד לבתים עם ילדים וחיות מחמד.

מגוון המידות מאפשר להוסיף צבע ואופי לחלל, בלי התחזוקה המורכבת של שטיח בד.",,2.5,false,false,true,90,
rug-14,שטיח-PVC-לכניסה-גיאומטרי,,שטיח PVC לכניסה גיאומטרי,pvc_rug,"שטיחי PVC, כניסה",,PVC,190,size,"שטיח PVC לכניסה גיאומטרי. שטיח דק ועמיד שאינו סופג נוזלים וקל לניקוי, במגוון מידות.","שטיחי PVC מעוצבים SoloFloor משלבים מראה של שטיח מעוצב עם הפרקטיות של PVC: משטח דק, עמיד ונוח לתחזוקה, שתוכנן לשימוש יומיומי בבית.

השטיח אינו סופג נוזלים, קל ומהיר לניקוי, ועוביו 2.5 מ""מ. הוא מתאים למטבח, לסלון ולחדרי ילדים, ונוח במיוחד לבתים עם ילדים וחיות מחמד.

מגוון המידות מאפשר להוסיף צבע ואופי לחלל, בלי התחזוקה המורכבת של שטיח בד.",,2.5,false,false,true,91,
rug-15,שטיח-PVC-לכניסה-דמקה,,שטיח PVC לכניסה דמקה,pvc_rug,"שטיחי PVC, כניסה",,PVC,190,size,"שטיח PVC לכניסה דמקה. שטיח דק ועמיד שאינו סופג נוזלים וקל לניקוי, במגוון מידות.","שטיחי PVC מעוצבים SoloFloor משלבים מראה של שטיח מעוצב עם הפרקטיות של PVC: משטח דק, עמיד ונוח לתחזוקה, שתוכנן לשימוש יומיומי בבית.

השטיח אינו סופג נוזלים, קל ומהיר לניקוי, ועוביו 2.5 מ""מ. הוא מתאים למטבח, לסלון ולחדרי ילדים, ונוח במיוחד לבתים עם ילדים וחיות מחמד.

מגוון המידות מאפשר להוסיף צבע ואופי לחלל, בלי התחזוקה המורכבת של שטיח בד.",,2.5,false,false,true,92,
rug-16,שטיח-PVC-לכניסה-דשא-סינטטי-עם-כיתוב-דו-צדדי-תכנס-תלך,,שטיח PVC לכניסה דשא סינטטי עם כיתוב דו צדדי תכנס-תלך,pvc_rug,"שטיחי PVC, כניסה",,PVC,190,size,"שטיח PVC לכניסה דשא סינטטי עם כיתוב דו צדדי תכנס-תלך. שטיח דק ועמיד שאינו סופג נוזלים וקל לניקוי, במגוון מידות.","שטיחי PVC מעוצבים SoloFloor משלבים מראה של שטיח מעוצב עם הפרקטיות של PVC: משטח דק, עמיד ונוח לתחזוקה, שתוכנן לשימוש יומיומי בבית.

השטיח אינו סופג נוזלים, קל ומהיר לניקוי, ועוביו 2.5 מ""מ. הוא מתאים למטבח, לסלון ולחדרי ילדים, ונוח במיוחד לבתים עם ילדים וחיות מחמד.

מגוון המידות מאפשר להוסיף צבע ואופי לחלל, בלי התחזוקה המורכבת של שטיח בד.",,2.5,false,false,true,93,
rug-17,שטיח-PVC-לכניסה-וולקאם,,שטיח PVC לכניסה וולקאם,pvc_rug,"שטיחי PVC, כניסה",,PVC,190,size,"שטיח PVC לכניסה וולקאם. שטיח דק ועמיד שאינו סופג נוזלים וקל לניקוי, במגוון מידות.","שטיחי PVC מעוצבים SoloFloor משלבים מראה של שטיח מעוצב עם הפרקטיות של PVC: משטח דק, עמיד ונוח לתחזוקה, שתוכנן לשימוש יומיומי בבית.

השטיח אינו סופג נוזלים, קל ומהיר לניקוי, ועוביו 2.5 מ""מ. הוא מתאים למטבח, לסלון ולחדרי ילדים, ונוח במיוחד לבתים עם ילדים וחיות מחמד.

מגוון המידות מאפשר להוסיף צבע ואופי לחלל, בלי התחזוקה המורכבת של שטיח בד.",,2.5,false,false,true,94,
rug-18,שטיח-PVC-לכניסה-עלים,,שטיח PVC לכניסה עלים,pvc_rug,"שטיחי PVC, כניסה",,PVC,190,size,"שטיח PVC לכניסה עלים. שטיח דק ועמיד שאינו סופג נוזלים וקל לניקוי, במגוון מידות.","שטיחי PVC מעוצבים SoloFloor משלבים מראה של שטיח מעוצב עם הפרקטיות של PVC: משטח דק, עמיד ונוח לתחזוקה, שתוכנן לשימוש יומיומי בבית.

השטיח אינו סופג נוזלים, קל ומהיר לניקוי, ועוביו 2.5 מ""מ. הוא מתאים למטבח, לסלון ולחדרי ילדים, ונוח במיוחד לבתים עם ילדים וחיות מחמד.

מגוון המידות מאפשר להוסיף צבע ואופי לחלל, בלי התחזוקה המורכבת של שטיח בד.",,2.5,false,false,true,95,
rug-19,שטיח-PVC-לכניסה-פישבון,,שטיח PVC לכניסה פישבון,pvc_rug,"שטיחי PVC, כניסה",,PVC,190,size,"שטיח PVC לכניסה פישבון. שטיח דק ועמיד שאינו סופג נוזלים וקל לניקוי, במגוון מידות.","שטיחי PVC מעוצבים SoloFloor משלבים מראה של שטיח מעוצב עם הפרקטיות של PVC: משטח דק, עמיד ונוח לתחזוקה, שתוכנן לשימוש יומיומי בבית.

השטיח אינו סופג נוזלים, קל ומהיר לניקוי, ועוביו 2.5 מ""מ. הוא מתאים למטבח, לסלון ולחדרי ילדים, ונוח במיוחד לבתים עם ילדים וחיות מחמד.

מגוון המידות מאפשר להוסיף צבע ואופי לחלל, בלי התחזוקה המורכבת של שטיח בד.",,2.5,false,false,true,96,
rug-20,שטיח-PVC-לכניסה-פרסי,,שטיח PVC לכניסה פרסי,pvc_rug,"שטיחי PVC, כניסה",,PVC,190,size,"שטיח PVC לכניסה פרסי. שטיח דק ועמיד שאינו סופג נוזלים וקל לניקוי, במגוון מידות.","שטיחי PVC מעוצבים SoloFloor משלבים מראה של שטיח מעוצב עם הפרקטיות של PVC: משטח דק, עמיד ונוח לתחזוקה, שתוכנן לשימוש יומיומי בבית.

השטיח אינו סופג נוזלים, קל ומהיר לניקוי, ועוביו 2.5 מ""מ. הוא מתאים למטבח, לסלון ולחדרי ילדים, ונוח במיוחד לבתים עם ילדים וחיות מחמד.

מגוון המידות מאפשר להוסיף צבע ואופי לחלל, בלי התחזוקה המורכבת של שטיח בד.",,2.5,false,false,true,97,
rug-21,שטיח-PVC-לכניסה-קלאסי,,שטיח PVC לכניסה קלאסי,pvc_rug,"שטיחי PVC, כניסה",,PVC,190,size,"שטיח PVC לכניסה קלאסי. שטיח דק ועמיד שאינו סופג נוזלים וקל לניקוי, במגוון מידות.","שטיחי PVC מעוצבים SoloFloor משלבים מראה של שטיח מעוצב עם הפרקטיות של PVC: משטח דק, עמיד ונוח לתחזוקה, שתוכנן לשימוש יומיומי בבית.

השטיח אינו סופג נוזלים, קל ומהיר לניקוי, ועוביו 2.5 מ""מ. הוא מתאים למטבח, לסלון ולחדרי ילדים, ונוח במיוחד לבתים עם ילדים וחיות מחמד.

מגוון המידות מאפשר להוסיף צבע ואופי לחלל, בלי התחזוקה המורכבת של שטיח בד.",,2.5,false,false,true,98,
rug-22,שטיח-PVC-למטבח-גיאומטרי,,שטיח PVC למטבח גיאומטרי,pvc_rug,"שטיחי PVC, מטבח",,PVC,190,size,"שטיח PVC למטבח גיאומטרי. שטיח דק ועמיד שאינו סופג נוזלים וקל לניקוי, במגוון מידות.","שטיחי PVC מעוצבים SoloFloor משלבים מראה של שטיח מעוצב עם הפרקטיות של PVC: משטח דק, עמיד ונוח לתחזוקה, שתוכנן לשימוש יומיומי בבית.

השטיח אינו סופג נוזלים, קל ומהיר לניקוי, ועוביו 2.5 מ""מ. הוא מתאים למטבח, לסלון ולחדרי ילדים, ונוח במיוחד לבתים עם ילדים וחיות מחמד.

מגוון המידות מאפשר להוסיף צבע ואופי לחלל, בלי התחזוקה המורכבת של שטיח בד.",,2.5,false,false,true,99,
rug-23,שטיח-PVC-למטבח-טרצו,,שטיח PVC למטבח טרצו,pvc_rug,"שטיחי PVC, מטבח",,PVC,190,size,"שטיח PVC למטבח טרצו. שטיח דק ועמיד שאינו סופג נוזלים וקל לניקוי, במגוון מידות.","שטיחי PVC מעוצבים SoloFloor משלבים מראה של שטיח מעוצב עם הפרקטיות של PVC: משטח דק, עמיד ונוח לתחזוקה, שתוכנן לשימוש יומיומי בבית.

השטיח אינו סופג נוזלים, קל ומהיר לניקוי, ועוביו 2.5 מ""מ. הוא מתאים למטבח, לסלון ולחדרי ילדים, ונוח במיוחד לבתים עם ילדים וחיות מחמד.

מגוון המידות מאפשר להוסיף צבע ואופי לחלל, בלי התחזוקה המורכבת של שטיח בד.",,2.5,false,false,true,100,
rug-24,שטיח-PVC-למטבח-פישבון-בהיר,,שטיח PVC למטבח פישבון בהיר,pvc_rug,"שטיחי PVC, מטבח",,PVC,190,size,"שטיח PVC למטבח פישבון בהיר. שטיח דק ועמיד שאינו סופג נוזלים וקל לניקוי, במגוון מידות.","שטיחי PVC מעוצבים SoloFloor משלבים מראה של שטיח מעוצב עם הפרקטיות של PVC: משטח דק, עמיד ונוח לתחזוקה, שתוכנן לשימוש יומיומי בבית.

השטיח אינו סופג נוזלים, קל ומהיר לניקוי, ועוביו 2.5 מ""מ. הוא מתאים למטבח, לסלון ולחדרי ילדים, ונוח במיוחד לבתים עם ילדים וחיות מחמד.

מגוון המידות מאפשר להוסיף צבע ואופי לחלל, בלי התחזוקה המורכבת של שטיח בד.",,2.5,false,false,true,101,
rug-25,שטיח-PVC-למטבח-פישבון-טבעי,,שטיח PVC למטבח פישבון טבעי,pvc_rug,"שטיחי PVC, מטבח",,PVC,190,size,"שטיח PVC למטבח פישבון טבעי. שטיח דק ועמיד שאינו סופג נוזלים וקל לניקוי, במגוון מידות.","שטיחי PVC מעוצבים SoloFloor משלבים מראה של שטיח מעוצב עם הפרקטיות של PVC: משטח דק, עמיד ונוח לתחזוקה, שתוכנן לשימוש יומיומי בבית.

השטיח אינו סופג נוזלים, קל ומהיר לניקוי, ועוביו 2.5 מ""מ. הוא מתאים למטבח, לסלון ולחדרי ילדים, ונוח במיוחד לבתים עם ילדים וחיות מחמד.

מגוון המידות מאפשר להוסיף צבע ואופי לחלל, בלי התחזוקה המורכבת של שטיח בד.",,2.5,false,false,true,102,
rug-26,שטיח-PVC-למטבח-פישבון,,שטיח PVC למטבח פישבון,pvc_rug,"שטיחי PVC, מטבח",,PVC,190,size,"שטיח PVC למטבח פישבון. שטיח דק ועמיד שאינו סופג נוזלים וקל לניקוי, במגוון מידות.","שטיחי PVC מעוצבים SoloFloor משלבים מראה של שטיח מעוצב עם הפרקטיות של PVC: משטח דק, עמיד ונוח לתחזוקה, שתוכנן לשימוש יומיומי בבית.

השטיח אינו סופג נוזלים, קל ומהיר לניקוי, ועוביו 2.5 מ""מ. הוא מתאים למטבח, לסלון ולחדרי ילדים, ונוח במיוחד לבתים עם ילדים וחיות מחמד.

מגוון המידות מאפשר להוסיף צבע ואופי לחלל, בלי התחזוקה המורכבת של שטיח בד.",,2.5,false,false,true,103,
rug-27,שטיח-PVC-למטבח-פרקט,,שטיח PVC למטבח פרקט,pvc_rug,"שטיחי PVC, מטבח",,PVC,190,size,"שטיח PVC למטבח פרקט. שטיח דק ועמיד שאינו סופג נוזלים וקל לניקוי, במגוון מידות.","שטיחי PVC מעוצבים SoloFloor משלבים מראה של שטיח מעוצב עם הפרקטיות של PVC: משטח דק, עמיד ונוח לתחזוקה, שתוכנן לשימוש יומיומי בבית.

השטיח אינו סופג נוזלים, קל ומהיר לניקוי, ועוביו 2.5 מ""מ. הוא מתאים למטבח, לסלון ולחדרי ילדים, ונוח במיוחד לבתים עם ילדים וחיות מחמד.

מגוון המידות מאפשר להוסיף צבע ואופי לחלל, בלי התחזוקה המורכבת של שטיח בד.",,2.5,false,false,true,104,
rug-28,שטיח-PVC-למטבח-קלאסי,,שטיח PVC למטבח קלאסי,pvc_rug,"שטיחי PVC, מטבח",,PVC,190,size,"שטיח PVC למטבח קלאסי. שטיח דק ועמיד שאינו סופג נוזלים וקל לניקוי, במגוון מידות.","שטיחי PVC מעוצבים SoloFloor משלבים מראה של שטיח מעוצב עם הפרקטיות של PVC: משטח דק, עמיד ונוח לתחזוקה, שתוכנן לשימוש יומיומי בבית.

השטיח אינו סופג נוזלים, קל ומהיר לניקוי, ועוביו 2.5 מ""מ. הוא מתאים למטבח, לסלון ולחדרי ילדים, ונוח במיוחד לבתים עם ילדים וחיות מחמד.

מגוון המידות מאפשר להוסיף צבע ואופי לחלל, בלי התחזוקה המורכבת של שטיח בד.",,2.5,false,false,true,105,
rug-29,שטיח-PVC-למטבח-שיש-עם-נגיעות-זהב,,שטיח PVC למטבח שיש עם נגיעות זהב,pvc_rug,"שטיחי PVC, מטבח",,PVC,190,size,"שטיח PVC למטבח שיש עם נגיעות זהב. שטיח דק ועמיד שאינו סופג נוזלים וקל לניקוי, במגוון מידות.","שטיחי PVC מעוצבים SoloFloor משלבים מראה של שטיח מעוצב עם הפרקטיות של PVC: משטח דק, עמיד ונוח לתחזוקה, שתוכנן לשימוש יומיומי בבית.

השטיח אינו סופג נוזלים, קל ומהיר לניקוי, ועוביו 2.5 מ""מ. הוא מתאים למטבח, לסלון ולחדרי ילדים, ונוח במיוחד לבתים עם ילדים וחיות מחמד.

מגוון המידות מאפשר להוסיף צבע ואופי לחלל, בלי התחזוקה המורכבת של שטיח בד.",,2.5,false,false,true,106,
rug-30,שטיח-PVC-מבוך,,שטיח PVC מבוך,pvc_rug,"שטיחי PVC, כללי",,PVC,190,size,"שטיח PVC מבוך. שטיח דק ועמיד שאינו סופג נוזלים וקל לניקוי, במגוון מידות.","שטיחי PVC מעוצבים SoloFloor משלבים מראה של שטיח מעוצב עם הפרקטיות של PVC: משטח דק, עמיד ונוח לתחזוקה, שתוכנן לשימוש יומיומי בבית.

השטיח אינו סופג נוזלים, קל ומהיר לניקוי, ועוביו 2.5 מ""מ. הוא מתאים למטבח, לסלון ולחדרי ילדים, ונוח במיוחד לבתים עם ילדים וחיות מחמד.

מגוון המידות מאפשר להוסיף צבע ואופי לחלל, בלי התחזוקה המורכבת של שטיח בד.",,2.5,false,false,true,107,
rug-31,שטיח-PVC-משחק-קלאס,,שטיח PVC משחק קלאס,pvc_rug,"שטיחי PVC, כללי",,PVC,190,size,"שטיח PVC משחק קלאס. שטיח דק ועמיד שאינו סופג נוזלים וקל לניקוי, במגוון מידות.","שטיחי PVC מעוצבים SoloFloor משלבים מראה של שטיח מעוצב עם הפרקטיות של PVC: משטח דק, עמיד ונוח לתחזוקה, שתוכנן לשימוש יומיומי בבית.

השטיח אינו סופג נוזלים, קל ומהיר לניקוי, ועוביו 2.5 מ""מ. הוא מתאים למטבח, לסלון ולחדרי ילדים, ונוח במיוחד לבתים עם ילדים וחיות מחמד.

מגוון המידות מאפשר להוסיף צבע ואופי לחלל, בלי התחזוקה המורכבת של שטיח בד.",,2.5,false,false,true,108,
rug-32,שטיח-PVC-סולמות-ונחשים,,שטיח PVC סולמות ונחשים,pvc_rug,"שטיחי PVC, כללי",,PVC,190,size,"שטיח PVC סולמות ונחשים. שטיח דק ועמיד שאינו סופג נוזלים וקל לניקוי, במגוון מידות.","שטיחי PVC מעוצבים SoloFloor משלבים מראה של שטיח מעוצב עם הפרקטיות של PVC: משטח דק, עמיד ונוח לתחזוקה, שתוכנן לשימוש יומיומי בבית.

השטיח אינו סופג נוזלים, קל ומהיר לניקוי, ועוביו 2.5 מ""מ. הוא מתאים למטבח, לסלון ולחדרי ילדים, ונוח במיוחד לבתים עם ילדים וחיות מחמד.

מגוון המידות מאפשר להוסיף צבע ואופי לחלל, בלי התחזוקה המורכבת של שטיח בד.",,2.5,false,false,true,109,
rug-33,שטיח-PVC-עולם-בדרכים,,שטיח PVC עולם בדרכים,pvc_rug,"שטיחי PVC, כללי",,PVC,190,size,"שטיח PVC עולם בדרכים. שטיח דק ועמיד שאינו סופג נוזלים וקל לניקוי, במגוון מידות.","שטיחי PVC מעוצבים SoloFloor משלבים מראה של שטיח מעוצב עם הפרקטיות של PVC: משטח דק, עמיד ונוח לתחזוקה, שתוכנן לשימוש יומיומי בבית.

השטיח אינו סופג נוזלים, קל ומהיר לניקוי, ועוביו 2.5 מ""מ. הוא מתאים למטבח, לסלון ולחדרי ילדים, ונוח במיוחד לבתים עם ילדים וחיות מחמד.

מגוון המידות מאפשר להוסיף צבע ואופי לחלל, בלי התחזוקה המורכבת של שטיח בד.",,2.5,false,false,true,110,
rug-34,שטיח-PVC-עלים,,שטיח PVC עלים,pvc_rug,"שטיחי PVC, כללי",,PVC,190,size,"שטיח PVC עלים. שטיח דק ועמיד שאינו סופג נוזלים וקל לניקוי, במגוון מידות.","שטיחי PVC מעוצבים SoloFloor משלבים מראה של שטיח מעוצב עם הפרקטיות של PVC: משטח דק, עמיד ונוח לתחזוקה, שתוכנן לשימוש יומיומי בבית.

השטיח אינו סופג נוזלים, קל ומהיר לניקוי, ועוביו 2.5 מ""מ. הוא מתאים למטבח, לסלון ולחדרי ילדים, ונוח במיוחד לבתים עם ילדים וחיות מחמד.

מגוון המידות מאפשר להוסיף צבע ואופי לחלל, בלי התחזוקה המורכבת של שטיח בד.",,2.5,false,false,true,111,
rug-35,שטיח-PVC-פישבון,,שטיח PVC פישבון,pvc_rug,"שטיחי PVC, כללי",,PVC,190,size,"שטיח PVC פישבון. שטיח דק ועמיד שאינו סופג נוזלים וקל לניקוי, במגוון מידות.","שטיחי PVC מעוצבים SoloFloor משלבים מראה של שטיח מעוצב עם הפרקטיות של PVC: משטח דק, עמיד ונוח לתחזוקה, שתוכנן לשימוש יומיומי בבית.

השטיח אינו סופג נוזלים, קל ומהיר לניקוי, ועוביו 2.5 מ""מ. הוא מתאים למטבח, לסלון ולחדרי ילדים, ונוח במיוחד לבתים עם ילדים וחיות מחמד.

מגוון המידות מאפשר להוסיף צבע ואופי לחלל, בלי התחזוקה המורכבת של שטיח בד.",,2.5,false,false,true,112,
rug-36,שטיח-PVC-פרסי,,שטיח PVC פרסי,pvc_rug,"שטיחי PVC, כללי",,PVC,190,size,"שטיח PVC פרסי. שטיח דק ועמיד שאינו סופג נוזלים וקל לניקוי, במגוון מידות.","שטיחי PVC מעוצבים SoloFloor משלבים מראה של שטיח מעוצב עם הפרקטיות של PVC: משטח דק, עמיד ונוח לתחזוקה, שתוכנן לשימוש יומיומי בבית.

השטיח אינו סופג נוזלים, קל ומהיר לניקוי, ועוביו 2.5 מ""מ. הוא מתאים למטבח, לסלון ולחדרי ילדים, ונוח במיוחד לבתים עם ילדים וחיות מחמד.

מגוון המידות מאפשר להוסיף צבע ואופי לחלל, בלי התחזוקה המורכבת של שטיח בד.",,2.5,false,false,true,113,
rug-37,שטיח-PVC-קלאסי,,שטיח PVC קלאסי,pvc_rug,"שטיחי PVC, כללי",,PVC,190,size,"שטיח PVC קלאסי. שטיח דק ועמיד שאינו סופג נוזלים וקל לניקוי, במגוון מידות.","שטיחי PVC מעוצבים SoloFloor משלבים מראה של שטיח מעוצב עם הפרקטיות של PVC: משטח דק, עמיד ונוח לתחזוקה, שתוכנן לשימוש יומיומי בבית.

השטיח אינו סופג נוזלים, קל ומהיר לניקוי, ועוביו 2.5 מ""מ. הוא מתאים למטבח, לסלון ולחדרי ילדים, ונוח במיוחד לבתים עם ילדים וחיות מחמד.

מגוון המידות מאפשר להוסיף צבע ואופי לחלל, בלי התחזוקה המורכבת של שטיח בד.",,2.5,false,false,true,114,
rug-38,שטיח-PVC-קשת-בענן,,שטיח PVC קשת בענן,pvc_rug,"שטיחי PVC, כללי",,PVC,190,size,"שטיח PVC קשת בענן. שטיח דק ועמיד שאינו סופג נוזלים וקל לניקוי, במגוון מידות.","שטיחי PVC מעוצבים SoloFloor משלבים מראה של שטיח מעוצב עם הפרקטיות של PVC: משטח דק, עמיד ונוח לתחזוקה, שתוכנן לשימוש יומיומי בבית.

השטיח אינו סופג נוזלים, קל ומהיר לניקוי, ועוביו 2.5 מ""מ. הוא מתאים למטבח, לסלון ולחדרי ילדים, ונוח במיוחד לבתים עם ילדים וחיות מחמד.

מגוון המידות מאפשר להוסיף צבע ואופי לחלל, בלי התחזוקה המורכבת של שטיח בד.",,2.5,false,false,true,115,
rug-39,שטיח-PVC-שלווה,,שטיח PVC שלווה,pvc_rug,"שטיחי PVC, כללי",,PVC,190,size,"שטיח PVC שלווה. שטיח דק ועמיד שאינו סופג נוזלים וקל לניקוי, במגוון מידות.","שטיחי PVC מעוצבים SoloFloor משלבים מראה של שטיח מעוצב עם הפרקטיות של PVC: משטח דק, עמיד ונוח לתחזוקה, שתוכנן לשימוש יומיומי בבית.

השטיח אינו סופג נוזלים, קל ומהיר לניקוי, ועוביו 2.5 מ""מ. הוא מתאים למטבח, לסלון ולחדרי ילדים, ונוח במיוחד לבתים עם ילדים וחיות מחמד.

מגוון המידות מאפשר להוסיף צבע ואופי לחלל, בלי התחזוקה המורכבת של שטיח בד.",,2.5,false,false,true,116,
