product_handle,application_slug,image_source,image_path,price_override,is_active,shopify_variant_id
ipw560,door,תיקיים קבצים ראשית/אבן בהירה חם/דלת אבן בהירה חם.png,products/ipw560/door.webp,,true,
ipw560,kitchen,תיקיים קבצים ראשית/אבן בהירה חם/מטבח אבן בהירה חם.png,products/ipw560/kitchen.webp,,true,
ipw560,fridge,תיקיים קבצים ראשית/אבן בהירה חם/מקרר אבן בהירה חם.png,products/ipw560/fridge.webp,,true,
ipw560,countertop,תיקיים קבצים ראשית/אבן בהירה חם/שיש אבן בהירה חם.png,products/ipw560/countertop.webp,,true,
ipw560,wall,תיקיים קבצים ראשית/אבן בהירה חם/קיר אבן בהירה חם.png,products/ipw560/wall.webp,,true,
ipw560,electric-cabinet,תיקיים קבצים ראשית/אבן בהירה חם/ארון חשמל אבן בהירה חם.png,products/ipw560/electric-cabinet.webp,,true,
ipw561,door,תיקיים קבצים ראשית/אבן בהירה קר/דלת אבן בהירה קר.png,products/ipw561/door.webp,,true,
ipw561,kitchen,תיקיים קבצים ראשית/אבן בהירה קר/מטבח אבן בהירה קר.png,products/ipw561/kitchen.webp,,true,
ipw561,fridge,תיקיים קבצים ראשית/אבן בהירה קר/מקרר אבן בהירה קר.png,products/ipw561/fridge.webp,,true,
ipw561,countertop,תיקיים קבצים ראשית/אבן בהירה קר/שיש אבן בהירה קר.png,products/ipw561/countertop.webp,,true,
ipw561,wall,תיקיים קבצים ראשית/אבן בהירה קר/קיר אבן בהירה קר.png,products/ipw561/wall.webp,,true,
ipw561,electric-cabinet,תיקיים קבצים ראשית/אבן בהירה קר/ארון חשמל אבן בהירה קר.png,products/ipw561/electric-cabinet.webp,,true,
sip653,door,תיקיים קבצים ראשית/אבן חול/דלת אבן חול.png,products/sip653/door.webp,,true,
sip653,kitchen,תיקיים קבצים ראשית/אבן חול/מטבח אבן חול.png,products/sip653/kitchen.webp,,true,
sip653,fridge,תיקיים קבצים ראשית/אבן חול/מקרר אבן חול.png,products/sip653/fridge.webp,,true,
sip653,countertop,תיקיים קבצים ראשית/אבן חול/שיש אבן חול.png,products/sip653/countertop.webp,,true,
sip653,wall,תיקיים קבצים ראשית/אבן חול/קיר אבן חול.png,products/sip653/wall.webp,,true,
sip653,electric-cabinet,תיקיים קבצים ראשית/אבן חול/ארון חשמל אבן חול.png,products/sip653/electric-cabinet.webp,,true,
sd986,door,תיקיים קבצים ראשית/אפור/דלת אפור.png,products/sd986/door.webp,,true,
sd986,kitchen,תיקיים קבצים ראשית/אפור/מטבח אפור.png,products/sd986/kitchen.webp,,true,
sd986,fridge,תיקיים קבצים ראשית/אפור/מקרר אפור.png,products/sd986/fridge.webp,,true,
sd986,countertop,תיקיים קבצים ראשית/אפור/שיש אפור.png,products/sd986/countertop.webp,,true,
sd986,wall,תיקיים קבצים ראשית/אפור/קיר אפור.png,products/sd986/wall.webp,,true,
sd986,electric-cabinet,תיקיים קבצים ראשית/אפור/ארון חשמל אפור.png,products/sd986/electric-cabinet.webp,,true,
sd920,door,תיקיים קבצים ראשית/אפור בהיר/דלת אפור בהיר.png,products/sd920/door.webp,,true,
sd920,kitchen,תיקיים קבצים ראשית/אפור בהיר/מטבח אפור בהיר.png,products/sd920/kitchen.webp,,true,
sd920,fridge,תיקיים קבצים ראשית/אפור בהיר/מקרר אפור בהיר.png,products/sd920/fridge.webp,,true,
sd920,countertop,תיקיים קבצים ראשית/אפור בהיר/שיש אפור בהיר.png,products/sd920/countertop.webp,,true,
sd920,wall,תיקיים קבצים ראשית/אפור בהיר/קיר אפור בהיר.png,products/sd920/wall.webp,,true,
sd920,electric-cabinet,תיקיים קבצים ראשית/אפור בהיר/ארון חשמל אפור בהיר.png,products/sd920/electric-cabinet.webp,,true,
sd991,door,תיקיים קבצים ראשית/אפור כהה/דלת אפור כהה.png,products/sd991/door.webp,,true,
sd991,kitchen,תיקיים קבצים ראשית/אפור כהה/מטבח אפור כהה.png,products/sd991/kitchen.webp,,true,
sd991,fridge,תיקיים קבצים ראשית/אפור כהה/מקרר אפור כהה.png,products/sd991/fridge.webp,,true,
sd991,countertop,תיקיים קבצים ראשית/אפור כהה/שיש אפור כהה.png,products/sd991/countertop.webp,,true,
sd991,wall,תיקיים קבצים ראשית/אפור כהה/קיר אפור כהה.png,products/sd991/wall.webp,,true,
sd991,electric-cabinet,תיקיים קבצים ראשית/אפור כהה/ארון חשמל אפור כהה.png,products/sd991/electric-cabinet.webp,,true,
sd985,door,תיקיים קבצים ראשית/אפור סילבר/דלת אפור סילבר.png,products/sd985/door.webp,,true,
sd985,kitchen,תיקיים קבצים ראשית/אפור סילבר/מטבח אפור סילבר.png,products/sd985/kitchen.webp,,true,
sd985,fridge,תיקיים קבצים ראשית/אפור סילבר/מקרר אפור סילבר.png,products/sd985/fridge.webp,,true,
sd985,countertop,תיקיים קבצים ראשית/אפור סילבר/שיש אפור סילבר.png,products/sd985/countertop.webp,,true,
sd985,wall,תיקיים קבצים ראשית/אפור סילבר/קיר אפור סילבר.png,products/sd985/wall.webp,,true,
sd985,electric-cabinet,תיקיים קבצים ראשית/אפור סילבר/ארון חשמל אפור סילבר.png,products/sd985/electric-cabinet.webp,,true,
sd982,door,תיקיים קבצים ראשית/בז_ כהה טקסטורה/דלת בז_ כהה טקסטורה.png,products/sd982/door.webp,,true,
sd982,kitchen,תיקיים קבצים ראשית/בז_ כהה טקסטורה/מטבח בז_ כהה טקסטורה.png,products/sd982/kitchen.webp,,true,
sd982,fridge,תיקיים קבצים ראשית/בז_ כהה טקסטורה/מקרר בז_ כהה טקסטורה.png,products/sd982/fridge.webp,,true,
sd982,countertop,תיקיים קבצים ראשית/בז_ כהה טקסטורה/שיש בז_ כהה טקסטורה.png,products/sd982/countertop.webp,,true,
sd982,wall,תיקיים קבצים ראשית/בז_ כהה טקסטורה/קיר בז_ כהה טקסטורה.png,products/sd982/wall.webp,,true,
sd982,electric-cabinet,תיקיים קבצים ראשית/בז_ כהה טקסטורה/ארון חשמל בז_ כהה טקסטורה.png,products/sd982/electric-cabinet.webp,,true,
ipw558,door,תיקיים קבצים ראשית/בטון/דלת בטון.png,products/ipw558/door.webp,,true,
ipw558,kitchen,תיקיים קבצים ראשית/בטון/מטבח בטון.png,products/ipw558/kitchen.webp,,true,
ipw558,fridge,תיקיים קבצים ראשית/בטון/מקרר בטון.png,products/ipw558/fridge.webp,,true,
ipw558,countertop,תיקיים קבצים ראשית/בטון/שיש בטון.png,products/ipw558/countertop.webp,,true,
ipw558,wall,תיקיים קבצים ראשית/בטון/קיר בטון.png,products/ipw558/wall.webp,,true,
ipw558,electric-cabinet,תיקיים קבצים ראשית/בטון/ארון חשמל בטון.png,products/ipw558/electric-cabinet.webp,,true,
ipw557,door,תיקיים קבצים ראשית/בטון בהיר/דלת בטון בהיר.png,products/ipw557/door.webp,,true,
ipw557,kitchen,תיקיים קבצים ראשית/בטון בהיר/מטבח בטון בהיר.png,products/ipw557/kitchen.webp,,true,
ipw557,fridge,תיקיים קבצים ראשית/בטון בהיר/מקרר בטון בהיר.png,products/ipw557/fridge.webp,,true,
ipw557,countertop,תיקיים קבצים ראשית/בטון בהיר/שיש בטון בהיר.png,products/ipw557/countertop.webp,,true,
ipw557,wall,תיקיים קבצים ראשית/בטון בהיר/קיר בטון בהיר.png,products/ipw557/wall.webp,,true,
ipw557,electric-cabinet,תיקיים קבצים ראשית/בטון בהיר/ארון חשמל בטון בהיר.png,products/ipw557/electric-cabinet.webp,,true,
im912-2,door,תיקיים קבצים ראשית/דמוי נירוסטה/דלת דמוי נירוסטה.png,products/im912-2/door.webp,,true,
im912-2,kitchen,תיקיים קבצים ראשית/דמוי נירוסטה/מטבח דמוי נירוסטה.png,products/im912-2/kitchen.webp,,true,
im912-2,fridge,תיקיים קבצים ראשית/דמוי נירוסטה/מקרר דמוי נירוסטה.png,products/im912-2/fridge.webp,,true,
im912-2,countertop,תיקיים קבצים ראשית/דמוי נירוסטה/שיש דמוי נירוסטה.png,products/im912-2/countertop.webp,,true,
im912-2,wall,תיקיים קבצים ראשית/דמוי נירוסטה/קיר דמוי נירוסטה.png,products/im912-2/wall.webp,,true,
im912-2,electric-cabinet,תיקיים קבצים ראשית/דמוי נירוסטה/ארון חשמל דמוי נירוסטה.png,products/im912-2/electric-cabinet.webp,,true,
sd933,door,תיקיים קבצים ראשית/חול/דלת חול.png,products/sd933/door.webp,,true,
sd933,kitchen,תיקיים קבצים ראשית/חול/מטבח חול.png,products/sd933/kitchen.webp,,true,
sd933,fridge,תיקיים קבצים ראשית/חול/מקרר חול.png,products/sd933/fridge.webp,,true,
sd933,countertop,תיקיים קבצים ראשית/חול/שיש חול.png,products/sd933/countertop.webp,,true,
sd933,wall,תיקיים קבצים ראשית/חול/קיר חול.png,products/sd933/wall.webp,,true,
sd933,electric-cabinet,תיקיים קבצים ראשית/חול/ארון חשמל חול.png,products/sd933/electric-cabinet.webp,,true,
cr200,door,תיקיים קבצים ראשית/טיח אפור בהיר/דלת טיח אפור בהיר.png,products/cr200/door.webp,,true,
cr200,kitchen,תיקיים קבצים ראשית/טיח אפור בהיר/מטבח טיח אפור בהיר.png,products/cr200/kitchen.webp,,true,
cr200,fridge,תיקיים קבצים ראשית/טיח אפור בהיר/מקרר טיח אפור בהיר.png,products/cr200/fridge.webp,,true,
cr200,countertop,תיקיים קבצים ראשית/טיח אפור בהיר/שיש טיח אפור בהיר.png,products/cr200/countertop.webp,,true,
cr200,wall,תיקיים קבצים ראשית/טיח אפור בהיר/קיר טיח אפור בהיר.png,products/cr200/wall.webp,,true,
cr200,electric-cabinet,תיקיים קבצים ראשית/טיח אפור בהיר/ארון חשמל טיח אפור בהיר.png,products/cr200/electric-cabinet.webp,,true,
cr502,door,תיקיים קבצים ראשית/טיח אפור בטון מעונן/דלת טיח אפור בטון מעונן.png,products/cr502/door.webp,,true,
cr502,kitchen,תיקיים קבצים ראשית/טיח אפור בטון מעונן/מטבח טיח אפור בטון מעונן.png,products/cr502/kitchen.webp,,true,
cr502,fridge,תיקיים קבצים ראשית/טיח אפור בטון מעונן/מקרר טיח אפור בטון מעונן.png,products/cr502/fridge.webp,,true,
cr502,countertop,תיקיים קבצים ראשית/טיח אפור בטון מעונן/שיש טיח אפור בטון מעונן.png,products/cr502/countertop.webp,,true,
cr502,wall,תיקיים קבצים ראשית/טיח אפור בטון מעונן/קיר טיח אפור בטון מעונן.png,products/cr502/wall.webp,,true,
cr502,electric-cabinet,תיקיים קבצים ראשית/טיח אפור בטון מעונן/ארון חשמל טיח אפור בטון מעונן.png,products/cr502/electric-cabinet.webp,,true,
cr501,door,תיקיים קבצים ראשית/טיח אפור מעונן/דלת טיח אפור מעונן.png,products/cr501/door.webp,,true,
cr501,kitchen,תיקיים קבצים ראשית/טיח אפור מעונן/מטבח טיח אפור מעונן.png,products/cr501/kitchen.webp,,true,
cr501,fridge,תיקיים קבצים ראשית/טיח אפור מעונן/מקרר טיח אפור מעונן.png,products/cr501/fridge.webp,,true,
cr501,countertop,תיקיים קבצים ראשית/טיח אפור מעונן/שיש טיח אפור מעונן.png,products/cr501/countertop.webp,,true,
cr501,wall,תיקיים קבצים ראשית/טיח אפור מעונן/קיר טיח אפור מעונן.png,products/cr501/wall.webp,,true,
cr501,electric-cabinet,תיקיים קבצים ראשית/טיח אפור מעונן/ארון חשמל טיח אפור מעונן.png,products/cr501/electric-cabinet.webp,,true,
cr300,door,תיקיים קבצים ראשית/טיח אפור פחם/דלת טיח אפור פחם.png,products/cr300/door.webp,,true,
cr300,kitchen,תיקיים קבצים ראשית/טיח אפור פחם/מטבח טיח אפור פחם.png,products/cr300/kitchen.webp,,true,
cr300,fridge,תיקיים קבצים ראשית/טיח אפור פחם/מקרר טיח אפור פחם.png,products/cr300/fridge.webp,,true,
cr300,countertop,תיקיים קבצים ראשית/טיח אפור פחם/שיש טיח אפור פחם.png,products/cr300/countertop.webp,,true,
cr300,wall,תיקיים קבצים ראשית/טיח אפור פחם/קיר טיח אפור פחם.png,products/cr300/wall.webp,,true,
cr300,electric-cabinet,תיקיים קבצים ראשית/טיח אפור פחם/ארון חשמל טיח אפור פחם.png,products/cr300/electric-cabinet.webp,,true,
cr500,door,תיקיים קבצים ראשית/טיח לבן מעונן/דלת טיח לבן מעונן.png,products/cr500/door.webp,,true,
cr500,kitchen,תיקיים קבצים ראשית/טיח לבן מעונן/מטבח טיח לבן מעונן.png,products/cr500/kitchen.webp,,true,
cr500,fridge,תיקיים קבצים ראשית/טיח לבן מעונן/מקרר טיח לבן מעונן.png,products/cr500/fridge.webp,,true,
cr500,countertop,תיקיים קבצים ראשית/טיח לבן מעונן/שיש טיח לבן מעונן.png,products/cr500/countertop.webp,,true,
cr500,wall,תיקיים קבצים ראשית/טיח לבן מעונן/קיר טיח לבן מעונן.png,products/cr500/wall.webp,,true,
cr500,electric-cabinet,תיקיים קבצים ראשית/טיח לבן מעונן/ארון חשמל טיח לבן מעונן.png,products/cr500/electric-cabinet.webp,,true,
sd995,door,תיקיים קבצים ראשית/ירוק פיסטוק/דלת ירוק פיסטוק.png,products/sd995/door.webp,,true,
sd995,kitchen,תיקיים קבצים ראשית/ירוק פיסטוק/מטבח ירוק פיסטוק.png,products/sd995/kitchen.webp,,true,
sd995,fridge,תיקיים קבצים ראשית/ירוק פיסטוק/מקרר ירוק פיסטוק.png,products/sd995/fridge.webp,,true,
sd995,countertop,תיקיים קבצים ראשית/ירוק פיסטוק/שיש ירוק פיסטוק.png,products/sd995/countertop.webp,,true,
sd995,wall,תיקיים קבצים ראשית/ירוק פיסטוק/קיר ירוק פיסטוק.png,products/sd995/wall.webp,,true,
sd995,electric-cabinet,תיקיים קבצים ראשית/ירוק פיסטוק/ארון חשמל ירוק פיסטוק.png,products/sd995/electric-cabinet.webp,,true,
pcr511,door,תיקיים קבצים ראשית/כחול מעושן/דלת כחול מעושן.png,products/pcr511/door.webp,,true,
pcr511,kitchen,תיקיים קבצים ראשית/כחול מעושן/מטבח כחול מעושן.png,products/pcr511/kitchen.webp,,true,
pcr511,fridge,תיקיים קבצים ראשית/כחול מעושן/מקרר כחול מעושן.png,products/pcr511/fridge.webp,,true,
pcr511,countertop,תיקיים קבצים ראשית/כחול מעושן/שיש כחול מעושן.png,products/pcr511/countertop.webp,,true,
pcr511,wall,תיקיים קבצים ראשית/כחול מעושן/קיר כחול מעושן.png,products/pcr511/wall.webp,,true,
pcr511,electric-cabinet,תיקיים קבצים ראשית/כחול מעושן/ארון חשמל כחול מעושן.png,products/pcr511/electric-cabinet.webp,,true,
sd999,door,תיקיים קבצים ראשית/כחול עמוק/דלת כחול עמוק.png,products/sd999/door.webp,,true,
sd999,kitchen,תיקיים קבצים ראשית/כחול עמוק/מטבח כחול עמוק.png,products/sd999/kitchen.webp,,true,
sd999,fridge,תיקיים קבצים ראשית/כחול עמוק/מקרר כחול עמוק.png,products/sd999/fridge.webp,,true,
sd999,countertop,תיקיים קבצים ראשית/כחול עמוק/שיש כחול עמוק.png,products/sd999/countertop.webp,,true,
sd999,wall,תיקיים קבצים ראשית/כחול עמוק/קיר כחול עמוק.png,products/sd999/wall.webp,,true,
sd999,electric-cabinet,תיקיים קבצים ראשית/כחול עמוק/ארון חשמל כחול עמוק.png,products/sd999/electric-cabinet.webp,,true,
sd887,door,תיקיים קבצים ראשית/לבן וניל/דלת לבן וניל.png,products/sd887/door.webp,,true,
sd887,kitchen,תיקיים קבצים ראשית/לבן וניל/מטבח לבן וניל.png,products/sd887/kitchen.webp,,true,
sd887,fridge,תיקיים קבצים ראשית/לבן וניל/מקרר לבן וניל.png,products/sd887/fridge.webp,,true,
sd887,countertop,תיקיים קבצים ראשית/לבן וניל/שיש לבן וניל.png,products/sd887/countertop.webp,,true,
sd887,wall,תיקיים קבצים ראשית/לבן וניל/קיר לבן וניל.png,products/sd887/wall.webp,,true,
sd887,electric-cabinet,תיקיים קבצים ראשית/לבן וניל/ארון חשמל לבן וניל.png,products/sd887/electric-cabinet.webp,,true,
sd872,door,תיקיים קבצים ראשית/לבן חם/דלת לבן חם.png,products/sd872/door.webp,,true,
sd872,kitchen,תיקיים קבצים ראשית/לבן חם/מטבח לבן חם.png,products/sd872/kitchen.webp,,true,
sd872,fridge,תיקיים קבצים ראשית/לבן חם/מקרר לבן חם.png,products/sd872/fridge.webp,,true,
sd872,countertop,תיקיים קבצים ראשית/לבן חם/שיש לבן חם.png,products/sd872/countertop.webp,,true,
sd872,wall,תיקיים קבצים ראשית/לבן חם/קיר לבן חם.png,products/sd872/wall.webp,,true,
sd872,electric-cabinet,תיקיים קבצים ראשית/לבן חם/ארון חשמל לבן חם.png,products/sd872/electric-cabinet.webp,,true,
sd1901,door,תיקיים קבצים ראשית/לבן טקסטורה/דלת לבן טקסטורה.png,products/sd1901/door.webp,,true,
sd1901,kitchen,תיקיים קבצים ראשית/לבן טקסטורה/מטבח לבן טקסטורה.png,products/sd1901/kitchen.webp,,true,
sd1901,fridge,תיקיים קבצים ראשית/לבן טקסטורה/מקרר לבן טקסטורה.png,products/sd1901/fridge.webp,,true,
sd1901,countertop,תיקיים קבצים ראשית/לבן טקסטורה/שיש לבן טקסטורה.png,products/sd1901/countertop.webp,,true,
sd1901,wall,תיקיים קבצים ראשית/לבן טקסטורה/קיר לבן טקסטורה.png,products/sd1901/wall.webp,,true,
sd1901,electric-cabinet,תיקיים קבצים ראשית/לבן טקסטורה/ארון חשמל לבן טקסטורה.png,products/sd1901/electric-cabinet.webp,,true,
ih706,door,תיקיים קבצים ראשית/לבן מבריק/דלת לבן מבריק.png,products/ih706/door.webp,,true,
ih706,kitchen,תיקיים קבצים ראשית/לבן מבריק/מטבח לבן מבריק.png,products/ih706/kitchen.webp,,true,
ih706,fridge,תיקיים קבצים ראשית/לבן מבריק/מקרר לבן מבריק.png,products/ih706/fridge.webp,,true,
ih706,countertop,תיקיים קבצים ראשית/לבן מבריק/שיש לבן מבריק.png,products/ih706/countertop.webp,,true,
ih706,wall,תיקיים קבצים ראשית/לבן מבריק/קיר לבן מבריק.png,products/ih706/wall.webp,,true,
ih706,electric-cabinet,תיקיים קבצים ראשית/לבן מבריק/ארון חשמל לבן מבריק.png,products/ih706/electric-cabinet.webp,,true,
sd901,door,תיקיים קבצים ראשית/לבן מט/דלת לבן מט.png,products/sd901/door.webp,,true,
sd901,kitchen,תיקיים קבצים ראשית/לבן מט/מטבח לבן מט.png,products/sd901/kitchen.webp,,true,
sd901,fridge,תיקיים קבצים ראשית/לבן מט/מקרר לבן מט.png,products/sd901/fridge.webp,,true,
sd901,countertop,תיקיים קבצים ראשית/לבן מט/שיש לבן מט.png,products/sd901/countertop.webp,,true,
sd901,wall,תיקיים קבצים ראשית/לבן מט/קיר לבן מט.png,products/sd901/wall.webp,,true,
sd901,electric-cabinet,תיקיים קבצים ראשית/לבן מט/ארון חשמל לבן מט.png,products/sd901/electric-cabinet.webp,,true,
sd873,door,תיקיים קבצים ראשית/לבן פודרה/דלת לבן פודרה.png,products/sd873/door.webp,,true,
sd873,kitchen,תיקיים קבצים ראשית/לבן פודרה/מטבח לבן פודרה.png,products/sd873/kitchen.webp,,true,
sd873,fridge,תיקיים קבצים ראשית/לבן פודרה/מקרר לבן פודרה.png,products/sd873/fridge.webp,,true,
sd873,countertop,תיקיים קבצים ראשית/לבן פודרה/שיש לבן פודרה.png,products/sd873/countertop.webp,,true,
sd873,wall,תיקיים קבצים ראשית/לבן פודרה/קיר לבן פודרה.png,products/sd873/wall.webp,,true,
sd873,electric-cabinet,תיקיים קבצים ראשית/לבן פודרה/ארון חשמל לבן פודרה.png,products/sd873/electric-cabinet.webp,,true,
sd943,door,תיקיים קבצים ראשית/לבן פסים/דלת לבן פסים.png,products/sd943/door.webp,,true,
sd943,kitchen,תיקיים קבצים ראשית/לבן פסים/מטבח לבן פסים.png,products/sd943/kitchen.webp,,true,
sd943,fridge,תיקיים קבצים ראשית/לבן פסים/מקרר לבן פסים.png,products/sd943/fridge.webp,,true,
sd943,countertop,תיקיים קבצים ראשית/לבן פסים/שיש לבן פסים.png,products/sd943/countertop.webp,,true,
sd943,wall,תיקיים קבצים ראשית/לבן פסים/קיר לבן פסים.png,products/sd943/wall.webp,,true,
sd943,electric-cabinet,תיקיים קבצים ראשית/לבן פסים/ארון חשמל לבן פסים.png,products/sd943/electric-cabinet.webp,,true,
sd840,door,תיקיים קבצים ראשית/לבן שבור/דלת לבן שבור.png,products/sd840/door.webp,,true,
sd840,kitchen,תיקיים קבצים ראשית/לבן שבור/מטבח לבן שבור.png,products/sd840/kitchen.webp,,true,
sd840,fridge,תיקיים קבצים ראשית/לבן שבור/מקרר לבן שבור.png,products/sd840/fridge.webp,,true,
sd840,countertop,תיקיים קבצים ראשית/לבן שבור/שיש לבן שבור.png,products/sd840/countertop.webp,,true,
sd840,wall,תיקיים קבצים ראשית/לבן שבור/קיר לבן שבור.png,products/sd840/wall.webp,,true,
sd840,electric-cabinet,תיקיים קבצים ראשית/לבן שבור/ארון חשמל לבן שבור.png,products/sd840/electric-cabinet.webp,,true,
sd919,door,תיקיים קבצים ראשית/נס קפה/דלת נס קפה.png,products/sd919/door.webp,,true,
sd919,kitchen,תיקיים קבצים ראשית/נס קפה/מטבח נס קפה.png,products/sd919/kitchen.webp,,true,
sd919,fridge,תיקיים קבצים ראשית/נס קפה/מקרר נס קפה.png,products/sd919/fridge.webp,,true,
sd919,countertop,תיקיים קבצים ראשית/נס קפה/שיש נס קפה.png,products/sd919/countertop.webp,,true,
sd919,wall,תיקיים קבצים ראשית/נס קפה/קיר נס קפה.png,products/sd919/wall.webp,,true,
sd919,electric-cabinet,תיקיים קבצים ראשית/נס קפה/ארון חשמל נס קפה.png,products/sd919/electric-cabinet.webp,,true,
sd972,door,תיקיים קבצים ראשית/סהרה דמוי עץ/דלת סהרה דמוי עץ.png,products/sd972/door.webp,,true,
sd972,kitchen,תיקיים קבצים ראשית/סהרה דמוי עץ/מטבח סהרה דמוי עץ.png,products/sd972/kitchen.webp,,true,
sd972,fridge,תיקיים קבצים ראשית/סהרה דמוי עץ/מקרר סהרה דמוי עץ.png,products/sd972/fridge.webp,,true,
sd972,countertop,תיקיים קבצים ראשית/סהרה דמוי עץ/שיש סהרה דמוי עץ.png,products/sd972/countertop.webp,,true,
sd972,wall,תיקיים קבצים ראשית/סהרה דמוי עץ/קיר סהרה דמוי עץ.png,products/sd972/wall.webp,,true,
sd972,electric-cabinet,תיקיים קבצים ראשית/סהרה דמוי עץ/ארון חשמל סהרה דמוי עץ.png,products/sd972/electric-cabinet.webp,,true,
it236,door,תיקיים קבצים ראשית/עץ אגוז/דלת עץ אגוז.png,products/it236/door.webp,,true,
it236,kitchen,תיקיים קבצים ראשית/עץ אגוז/מטבח עץ אגוז.png,products/it236/kitchen.webp,,true,
it236,fridge,תיקיים קבצים ראשית/עץ אגוז/מקרר עץ אגוז.png,products/it236/fridge.webp,,true,
it236,countertop,תיקיים קבצים ראשית/עץ אגוז/שיש עץ אגוז.png,products/it236/countertop.webp,,true,
it236,wall,תיקיים קבצים ראשית/עץ אגוז/קיר עץ אגוז.png,products/it236/wall.webp,,true,
it236,electric-cabinet,תיקיים קבצים ראשית/עץ אגוז/ארון חשמל עץ אגוז.png,products/it236/electric-cabinet.webp,,true,
it334,door,תיקיים קבצים ראשית/עץ אלון/דלת עץ אלון.png,products/it334/door.webp,,true,
it334,kitchen,תיקיים קבצים ראשית/עץ אלון/מטבח עץ אלון.png,products/it334/kitchen.webp,,true,
it334,fridge,תיקיים קבצים ראשית/עץ אלון/מקרר עץ אלון.png,products/it334/fridge.webp,,true,
it334,countertop,תיקיים קבצים ראשית/עץ אלון/שיש עץ אלון.png,products/it334/countertop.webp,,true,
it334,wall,תיקיים קבצים ראשית/עץ אלון/קיר עץ אלון.png,products/it334/wall.webp,,true,
it334,electric-cabinet,תיקיים קבצים ראשית/עץ אלון/ארון חשמל עץ אלון.png,products/it334/electric-cabinet.webp,,true,
it606,door,תיקיים קבצים ראשית/עץ אפור/דלת עץ אפור.png,products/it606/door.webp,,true,
it606,kitchen,תיקיים קבצים ראשית/עץ אפור/מטבח עץ אפור.png,products/it606/kitchen.webp,,true,
it606,fridge,תיקיים קבצים ראשית/עץ אפור/מקרר עץ אפור.png,products/it606/fridge.webp,,true,
it606,countertop,תיקיים קבצים ראשית/עץ אפור/שיש עץ אפור.png,products/it606/countertop.webp,,true,
it606,wall,תיקיים קבצים ראשית/עץ אפור/קיר עץ אפור.png,products/it606/wall.webp,,true,
it606,electric-cabinet,תיקיים קבצים ראשית/עץ אפור/ארון חשמל עץ אפור.png,products/it606/electric-cabinet.webp,,true,
ipw837,door,תיקיים קבצים ראשית/עץ בוצ_ר/דלת עץ בוצ_ר.png,products/ipw837/door.webp,,true,
ipw837,kitchen,תיקיים קבצים ראשית/עץ בוצ_ר/מטבח עץ בוצ_ר.png,products/ipw837/kitchen.webp,,true,
ipw837,fridge,תיקיים קבצים ראשית/עץ בוצ_ר/מקרר עץ בוצ_ר.png,products/ipw837/fridge.webp,,true,
ipw837,countertop,תיקיים קבצים ראשית/עץ בוצ_ר/שיש עץ בוצ_ר.png,products/ipw837/countertop.webp,,true,
ipw837,wall,תיקיים קבצים ראשית/עץ בוצ_ר/קיר עץ בוצ_ר.png,products/ipw837/wall.webp,,true,
ipw837,electric-cabinet,תיקיים קבצים ראשית/עץ בוצ_ר/ארון חשמל עץ בוצ_ר.png,products/ipw837/electric-cabinet.webp,,true,
it202,door,תיקיים קבצים ראשית/עץ בוק/דלת עץ בוק.png,products/it202/door.webp,,true,
it202,kitchen,תיקיים קבצים ראשית/עץ בוק/מטבח עץ בוק.png,products/it202/kitchen.webp,,true,
it202,fridge,תיקיים קבצים ראשית/עץ בוק/מקרר עץ בוק.png,products/it202/fridge.webp,,true,
it202,countertop,תיקיים קבצים ראשית/עץ בוק/שיש עץ בוק.png,products/it202/countertop.webp,,true,
it202,wall,תיקיים קבצים ראשית/עץ בוק/קיר עץ בוק.png,products/it202/wall.webp,,true,
it202,electric-cabinet,תיקיים קבצים ראשית/עץ בוק/ארון חשמל עץ בוק.png,products/it202/electric-cabinet.webp,,true,
it248,door,תיקיים קבצים ראשית/עץ דובדבן/דלת עץ דובדבן.png,products/it248/door.webp,,true,
it248,kitchen,תיקיים קבצים ראשית/עץ דובדבן/מטבח עץ דובדבן.png,products/it248/kitchen.webp,,true,
it248,fridge,תיקיים קבצים ראשית/עץ דובדבן/מקרר עץ דובדבן.png,products/it248/fridge.webp,,true,
it248,countertop,תיקיים קבצים ראשית/עץ דובדבן/שיש עץ דובדבן.png,products/it248/countertop.webp,,true,
it248,wall,תיקיים קבצים ראשית/עץ דובדבן/קיר עץ דובדבן.png,products/it248/wall.webp,,true,
it248,electric-cabinet,תיקיים קבצים ראשית/עץ דובדבן/ארון חשמל עץ דובדבן.png,products/it248/electric-cabinet.webp,,true,
it616,door,תיקיים קבצים ראשית/עץ מהגוני/דלת עץ מהגוני.png,products/it616/door.webp,,true,
it616,kitchen,תיקיים קבצים ראשית/עץ מהגוני/מטבח עץ מהגוני.png,products/it616/kitchen.webp,,true,
it616,fridge,תיקיים קבצים ראשית/עץ מהגוני/מקרר עץ מהגוני.png,products/it616/fridge.webp,,true,
it616,countertop,תיקיים קבצים ראשית/עץ מהגוני/שיש עץ מהגוני.png,products/it616/countertop.webp,,true,
it616,wall,תיקיים קבצים ראשית/עץ מהגוני/קיר עץ מהגוני.png,products/it616/wall.webp,,true,
it616,electric-cabinet,תיקיים קבצים ראשית/עץ מהגוני/ארון חשמל עץ מהגוני.png,products/it616/electric-cabinet.webp,,true,
it127,door,תיקיים קבצים ראשית/עץ עתיק/דלת עץ עתיק.png,products/it127/door.webp,,true,
it127,kitchen,תיקיים קבצים ראשית/עץ עתיק/מטבח עץ עתיק.png,products/it127/kitchen.webp,,true,
it127,fridge,תיקיים קבצים ראשית/עץ עתיק/מקרר עץ עתיק.png,products/it127/fridge.webp,,true,
it127,countertop,תיקיים קבצים ראשית/עץ עתיק/שיש עץ עתיק.png,products/it127/countertop.webp,,true,
it127,wall,תיקיים קבצים ראשית/עץ עתיק/קיר עץ עתיק.png,products/it127/wall.webp,,true,
it127,electric-cabinet,תיקיים קבצים ראשית/עץ עתיק/ארון חשמל עץ עתיק.png,products/it127/electric-cabinet.webp,,true,
it619,door,תיקיים קבצים ראשית/עץ שחור/דלת עץ שחור.png,products/it619/door.webp,,true,
it619,kitchen,תיקיים קבצים ראשית/עץ שחור/מטבח עץ שחור.png,products/it619/kitchen.webp,,true,
it619,fridge,תיקיים קבצים ראשית/עץ שחור/מקרר עץ שחור.png,products/it619/fridge.webp,,true,
it619,countertop,תיקיים קבצים ראשית/עץ שחור/שיש עץ שחור.png,products/it619/countertop.webp,,true,
it619,wall,תיקיים קבצים ראשית/עץ שחור/קיר עץ שחור.png,products/it619/wall.webp,,true,
it619,electric-cabinet,תיקיים קבצים ראשית/עץ שחור/ארון חשמל עץ שחור.png,products/it619/electric-cabinet.webp,,true,
it232,door,תיקיים קבצים ראשית/פלטות עץ/דלת פלטות עץ.png,products/it232/door.webp,,true,
it232,kitchen,תיקיים קבצים ראשית/פלטות עץ/מטבח פלטות עץ.png,products/it232/kitchen.webp,,true,
it232,fridge,תיקיים קבצים ראשית/פלטות עץ/מקרר פלטות עץ.png,products/it232/fridge.webp,,true,
it232,countertop,תיקיים קבצים ראשית/פלטות עץ/שיש פלטות עץ.png,products/it232/countertop.webp,,true,
it232,wall,תיקיים קבצים ראשית/פלטות עץ/קיר פלטות עץ.png,products/it232/wall.webp,,true,
it232,electric-cabinet,תיקיים קבצים ראשית/פלטות עץ/ארון חשמל פלטות עץ.png,products/it232/electric-cabinet.webp,,true,
sd876,door,תיקיים קבצים ראשית/קרם מעושן/דלת קרם מעושן.png,products/sd876/door.webp,,true,
sd876,kitchen,תיקיים קבצים ראשית/קרם מעושן/מטבח קרם מעושן.png,products/sd876/kitchen.webp,,true,
sd876,fridge,תיקיים קבצים ראשית/קרם מעושן/מקרר קרם מעושן.png,products/sd876/fridge.webp,,true,
sd876,countertop,תיקיים קבצים ראשית/קרם מעושן/שיש קרם מעושן.png,products/sd876/countertop.webp,,true,
sd876,wall,תיקיים קבצים ראשית/קרם מעושן/קיר קרם מעושן.png,products/sd876/wall.webp,,true,
sd876,electric-cabinet,תיקיים קבצים ראשית/קרם מעושן/ארון חשמל קרם מעושן.png,products/sd876/electric-cabinet.webp,,true,
im915,door,תיקיים קבצים ראשית/קרם פנינה טקסטורה/דלת קרם פנינה טקסטורה.png,products/im915/door.webp,,true,
im915,kitchen,תיקיים קבצים ראשית/קרם פנינה טקסטורה/מטבח קרם פנינה טקסטורה.png,products/im915/kitchen.webp,,true,
im915,fridge,תיקיים קבצים ראשית/קרם פנינה טקסטורה/מקרר קרם פנינה טקסטורה.png,products/im915/fridge.webp,,true,
im915,countertop,תיקיים קבצים ראשית/קרם פנינה טקסטורה/שיש קרם פנינה טקסטורה.png,products/im915/countertop.webp,,true,
im915,wall,תיקיים קבצים ראשית/קרם פנינה טקסטורה/קיר קרם פנינה טקסטורה.png,products/im915/wall.webp,,true,
im915,electric-cabinet,תיקיים קבצים ראשית/קרם פנינה טקסטורה/ארון חשמל קרם פנינה טקסטורה.png,products/im915/electric-cabinet.webp,,true,
sd908,door,תיקיים קבצים ראשית/שחור מט/דלת שחור מט.png,products/sd908/door.webp,,true,
sd908,kitchen,תיקיים קבצים ראשית/שחור מט/מטבח שחור מט.png,products/sd908/kitchen.webp,,true,
sd908,fridge,תיקיים קבצים ראשית/שחור מט/מקרר שחור מט.png,products/sd908/fridge.webp,,true,
sd908,countertop,תיקיים קבצים ראשית/שחור מט/שיש שחור מט.png,products/sd908/countertop.webp,,true,
sd908,wall,תיקיים קבצים ראשית/שחור מט/קיר שחור מט.png,products/sd908/wall.webp,,true,
sd908,electric-cabinet,תיקיים קבצים ראשית/שחור מט/ארון חשמל שחור מט.png,products/sd908/electric-cabinet.webp,,true,
sd944,door,תיקיים קבצים ראשית/שחור פסים/דלת שחור פסים.png,products/sd944/door.webp,,true,
sd944,kitchen,תיקיים קבצים ראשית/שחור פסים/מטבח שחור פסים.png,products/sd944/kitchen.webp,,true,
sd944,fridge,תיקיים קבצים ראשית/שחור פסים/מקרר שחור פסים.png,products/sd944/fridge.webp,,true,
sd944,countertop,תיקיים קבצים ראשית/שחור פסים/שיש שחור פסים.png,products/sd944/countertop.webp,,true,
sd944,wall,תיקיים קבצים ראשית/שחור פסים/קיר שחור פסים.png,products/sd944/wall.webp,,true,
sd944,electric-cabinet,תיקיים קבצים ראשית/שחור פסים/ארון חשמל שחור פסים.png,products/sd944/electric-cabinet.webp,,true,
ip413-12,door,תיקיים קבצים ראשית/שיש עם גידים/דלת שיש עם גידים.png,products/ip413-12/door.webp,,true,
ip413-12,kitchen,תיקיים קבצים ראשית/שיש עם גידים/מטבח שיש עם גידים.png,products/ip413-12/kitchen.webp,,true,
ip413-12,fridge,תיקיים קבצים ראשית/שיש עם גידים/מקרר שיש עם גידים.png,products/ip413-12/fridge.webp,,true,
ip413-12,countertop,תיקיים קבצים ראשית/שיש עם גידים/שיש שיש עם גידים.png,products/ip413-12/countertop.webp,,true,
ip413-12,wall,תיקיים קבצים ראשית/שיש עם גידים/קיר שיש עם גידים.png,products/ip413-12/wall.webp,,true,
ip413-12,electric-cabinet,תיקיים קבצים ראשית/שיש עם גידים/ארון חשמל שיש עם גידים.png,products/ip413-12/electric-cabinet.webp,,true,
sd874,door,תיקיים קבצים ראשית/שמנת/דלת שמנת.png,products/sd874/door.webp,,true,
sd874,kitchen,תיקיים קבצים ראשית/שמנת/מטבח שמנת.png,products/sd874/kitchen.webp,,true,
sd874,fridge,תיקיים קבצים ראשית/שמנת/מקרר שמנת.png,products/sd874/fridge.webp,,true,
sd874,countertop,תיקיים קבצים ראשית/שמנת/שיש שמנת.png,products/sd874/countertop.webp,,true,
sd874,wall,תיקיים קבצים ראשית/שמנת/קיר שמנת.png,products/sd874/wall.webp,,true,
sd874,electric-cabinet,תיקיים קבצים ראשית/שמנת/ארון חשמל שמנת.png,products/sd874/electric-cabinet.webp,,true,
pcr510,door,תיקיים קבצים ראשית/תכלת מעושן/דלת תכלת מעושן.png,products/pcr510/door.webp,,true,
pcr510,kitchen,תיקיים קבצים ראשית/תכלת מעושן/מטבח תכלת מעושן.png,products/pcr510/kitchen.webp,,true,
pcr510,fridge,תיקיים קבצים ראשית/תכלת מעושן/מקרר תכלת מעושן.png,products/pcr510/fridge.webp,,true,
pcr510,countertop,תיקיים קבצים ראשית/תכלת מעושן/שיש תכלת מעושן.png,products/pcr510/countertop.webp,,true,
pcr510,wall,תיקיים קבצים ראשית/תכלת מעושן/קיר תכלת מעושן.png,products/pcr510/wall.webp,,true,
pcr510,electric-cabinet,תיקיים קבצים ראשית/תכלת מעושן/ארון חשמל.png,products/pcr510/electric-cabinet.webp,,true,
