product_handle,kind,sort_order,image_source,image_path,alt
ipw560,swatch,1,תיקיים קבצים ראשית/אבן בהירה חם/IPW560website.webp,products/ipw560/swatch-1.webp,"אבן בהירה חם IPW560, דוגמת הגוון"
ipw560,roll,1,תיקיים קבצים ראשית/אבן בהירה חם/IPW560-3website.webp,products/ipw560/roll-1.webp,"אבן בהירה חם IPW560, החומר מקרוב"
ipw561,swatch,1,תיקיים קבצים ראשית/אבן בהירה קר/אבן בהירה 561קר.webp,products/ipw561/swatch-1.webp,"אבן בהירה קר IPW561, דוגמת הגוון"
sip653,swatch,1,תיקיים קבצים ראשית/אבן חול/אבן חול 653.png,products/sip653/swatch-1.webp,"אבן חול SIP653, דוגמת הגוון"
sip653,roll,1,תיקיים קבצים ראשית/אבן חול/SIP-653-C-1.webp,products/sip653/roll-1.webp,"אבן חול SIP653, החומר מקרוב"
sd986,swatch,1,תיקיים קבצים ראשית/אפור/SD986website.webp,products/sd986/swatch-1.webp,"אפור SD986, דוגמת הגוון"
sd986,roll,1,תיקיים קבצים ראשית/אפור/SD-986-C-1.webp,products/sd986/roll-1.webp,"אפור SD986, החומר מקרוב"
sd920,swatch,1,תיקיים קבצים ראשית/אפור בהיר/SD-920-A.webp,products/sd920/swatch-1.webp,"אפור בהיר SD920, דוגמת הגוון"
sd920,roll,1,תיקיים קבצים ראשית/אפור בהיר/SD-920-C-1.webp,products/sd920/roll-1.webp,"אפור בהיר SD920, החומר מקרוב"
sd991,swatch,1,תיקיים קבצים ראשית/אפור כהה/אפור כהה.png,products/sd991/swatch-1.webp,"אפור כהה SD991, דוגמת הגוון"
sd991,roll,1,תיקיים קבצים ראשית/אפור כהה/SD-991-C-1.webp,products/sd991/roll-1.webp,"אפור כהה SD991, החומר מקרוב"
sd985,swatch,1,תיקיים קבצים ראשית/אפור סילבר/SD985website.webp,products/sd985/swatch-1.webp,"אפור סילבר SD985, דוגמת הגוון"
sd985,roll,1,תיקיים קבצים ראשית/אפור סילבר/SD-985-C-1.webp,products/sd985/roll-1.webp,"אפור סילבר SD985, החומר מקרוב"
sd982,swatch,1,תיקיים קבצים ראשית/בז_ כהה טקסטורה/sd982 בז כהה.png,products/sd982/swatch-1.webp,"בז' כהה טקסטורה SD982, דוגמת הגוון"
sd982,swatch,2,תיקיים קבצים ראשית/בז_ כהה טקסטורה/sd982 בז כהה.webp,products/sd982/swatch-2.webp,"בז' כהה טקסטורה SD982, דוגמת הגוון"
ipw558,swatch,1,תיקיים קבצים ראשית/בטון/IPW558-website.webp,products/ipw558/swatch-1.webp,"בטון IPW558, דוגמת הגוון"
ipw558,roll,1,תיקיים קבצים ראשית/בטון/IPW558-3website.webp,products/ipw558/roll-1.webp,"בטון IPW558, החומר מקרוב"
ipw557,swatch,1,תיקיים קבצים ראשית/בטון בהיר/IPW557website.webp,products/ipw557/swatch-1.webp,"בטון בהיר IPW557, דוגמת הגוון"
ipw557,roll,1,תיקיים קבצים ראשית/בטון בהיר/IPW557-3website.webp,products/ipw557/roll-1.webp,"בטון בהיר IPW557, החומר מקרוב"
im912-2,swatch,1,תיקיים קבצים ראשית/דמוי נירוסטה/im912-2 נירוסטה.png,products/im912-2/swatch-1.webp,"דמוי נירוסטה IM912-2, דוגמת הגוון"
im912-2,roll,1,תיקיים קבצים ראשית/דמוי נירוסטה/IM-912-2-C-1.webp,products/im912-2/roll-1.webp,"דמוי נירוסטה IM912-2, החומר מקרוב"
sd933,swatch,1,תיקיים קבצים ראשית/חול/933.png,products/sd933/swatch-1.webp,"חול SD933, דוגמת הגוון"
sd933,roll,1,תיקיים קבצים ראשית/חול/SD-933-C-1.webp,products/sd933/roll-1.webp,"חול SD933, החומר מקרוב"
cr200,swatch,1,תיקיים קבצים ראשית/טיח אפור בהיר/cr200.webp,products/cr200/swatch-1.webp,"טיח אפור בהיר CR200, דוגמת הגוון"
cr200,roll,1,תיקיים קבצים ראשית/טיח אפור בהיר/CR200-3website.webp,products/cr200/roll-1.webp,"טיח אפור בהיר CR200, החומר מקרוב"
cr502,swatch,1,תיקיים קבצים ראשית/טיח אפור בטון מעונן/502.png,products/cr502/swatch-1.webp,"טיח אפור בטון מעונן CR502, דוגמת הגוון"
cr502,roll,1,תיקיים קבצים ראשית/טיח אפור בטון מעונן/CR-502-C-1.webp,products/cr502/roll-1.webp,"טיח אפור בטון מעונן CR502, החומר מקרוב"
cr501,swatch,1,תיקיים קבצים ראשית/טיח אפור מעונן/501.png,products/cr501/swatch-1.webp,"טיח אפור מעונן CR501, דוגמת הגוון"
cr501,roll,1,תיקיים קבצים ראשית/טיח אפור מעונן/CR-501-C-1.webp,products/cr501/roll-1.webp,"טיח אפור מעונן CR501, החומר מקרוב"
cr300,roll,1,תיקיים קבצים ראשית/טיח אפור פחם/CR-300-C-1.webp,products/cr300/roll-1.webp,"טיח אפור פחם CR300, החומר מקרוב"
cr300,roll,2,תיקיים קבצים ראשית/טיח אפור פחם/CR300-3website.webp,products/cr300/roll-2.webp,"טיח אפור פחם CR300, החומר מקרוב"
cr500,swatch,1,תיקיים קבצים ראשית/טיח לבן מעונן/cr 500 טיח לבן מעונן.png,products/cr500/swatch-1.webp,"טיח לבן מעונן CR500, דוגמת הגוון"
cr500,roll,1,תיקיים קבצים ראשית/טיח לבן מעונן/CR-500-C-1.webp,products/cr500/roll-1.webp,"טיח לבן מעונן CR500, החומר מקרוב"
sd995,swatch,1,תיקיים קבצים ראשית/ירוק פיסטוק/SD995-A.jpg,products/sd995/swatch-1.webp,"ירוק פיסטוק SD995, דוגמת הגוון"
sd995,swatch,2,תיקיים קבצים ראשית/ירוק פיסטוק/SD995-B.jpg,products/sd995/swatch-2.webp,"ירוק פיסטוק SD995, דוגמת הגוון"
pcr511,swatch,1,תיקיים קבצים ראשית/כחול מעושן/pcr 511 כחול מעושן.png,products/pcr511/swatch-1.webp,"כחול מעושן PCR511, דוגמת הגוון"
pcr511,roll,1,תיקיים קבצים ראשית/כחול מעושן/PCR-511-C-1.webp,products/pcr511/roll-1.webp,"כחול מעושן PCR511, החומר מקרוב"
sd999,swatch,1,תיקיים קבצים ראשית/כחול עמוק/SD999website.webp,products/sd999/swatch-1.webp,"כחול עמוק SD999, דוגמת הגוון"
sd999,roll,1,תיקיים קבצים ראשית/כחול עמוק/SD-999-C-1.webp,products/sd999/roll-1.webp,"כחול עמוק SD999, החומר מקרוב"
sd887,swatch,1,תיקיים קבצים ראשית/לבן וניל/sd 887 לבן וניל.png,products/sd887/swatch-1.webp,"לבן וניל SD887, דוגמת הגוון"
sd887,roll,1,תיקיים קבצים ראשית/לבן וניל/SD-887-C-2.webp,products/sd887/roll-1.webp,"לבן וניל SD887, החומר מקרוב"
sd872,swatch,1,תיקיים קבצים ראשית/לבן חם/sd 872 לבן חם.png,products/sd872/swatch-1.webp,"לבן חם SD872, דוגמת הגוון"
sd872,roll,1,תיקיים קבצים ראשית/לבן חם/SD-872-C-1.webp,products/sd872/roll-1.webp,"לבן חם SD872, החומר מקרוב"
sd1901,swatch,1,תיקיים קבצים ראשית/לבן טקסטורה/sd1901 לבן טקסטורה.png,products/sd1901/swatch-1.webp,"לבן טקסטורה SD1901, דוגמת הגוון"
sd1901,roll,1,תיקיים קבצים ראשית/לבן טקסטורה/SD-1901-C-1.webp,products/sd1901/roll-1.webp,"לבן טקסטורה SD1901, החומר מקרוב"
ih706,swatch,1,תיקיים קבצים ראשית/לבן מבריק/ih706 לבן מבריק.png,products/ih706/swatch-1.webp,"לבן מבריק IH706, דוגמת הגוון"
ih706,roll,1,תיקיים קבצים ראשית/לבן מבריק/IH-706-C.webp,products/ih706/roll-1.webp,"לבן מבריק IH706, החומר מקרוב"
sd901,swatch,1,תיקיים קבצים ראשית/לבן מט/sd 901 לבן מט.png,products/sd901/swatch-1.webp,"לבן מט SD901, דוגמת הגוון"
sd901,roll,1,תיקיים קבצים ראשית/לבן מט/SD-901-C-1.webp,products/sd901/roll-1.webp,"לבן מט SD901, החומר מקרוב"
sd873,swatch,1,תיקיים קבצים ראשית/לבן פודרה/sd873 לבן פודרה.png,products/sd873/swatch-1.webp,"לבן פודרה SD873, דוגמת הגוון"
sd873,roll,1,תיקיים קבצים ראשית/לבן פודרה/SD-873-C-1.webp,products/sd873/roll-1.webp,"לבן פודרה SD873, החומר מקרוב"
sd943,swatch,1,תיקיים קבצים ראשית/לבן פסים/sd943 לבן פסים.webp,products/sd943/swatch-1.webp,"לבן פסים SD943, דוגמת הגוון"
sd943,roll,1,תיקיים קבצים ראשית/לבן פסים/SD-943-C.webp,products/sd943/roll-1.webp,"לבן פסים SD943, החומר מקרוב"
sd840,swatch,1,תיקיים קבצים ראשית/לבן שבור/sd840 לבן שבור.png,products/sd840/swatch-1.webp,"לבן שבור SD840, דוגמת הגוון"
sd840,roll,1,תיקיים קבצים ראשית/לבן שבור/SD-840-C-1.webp,products/sd840/roll-1.webp,"לבן שבור SD840, החומר מקרוב"
sd919,swatch,1,תיקיים קבצים ראשית/נס קפה/SD919website.webp,products/sd919/swatch-1.webp,"נס קפה SD919, דוגמת הגוון"
sd919,roll,1,תיקיים קבצים ראשית/נס קפה/SD-919-C-1.webp,products/sd919/roll-1.webp,"נס קפה SD919, החומר מקרוב"
sd972,swatch,1,תיקיים קבצים ראשית/סהרה דמוי עץ/972 סהרה.png,products/sd972/swatch-1.webp,"סהרה דמוי עץ SD972, דוגמת הגוון"
sd972,roll,1,תיקיים קבצים ראשית/סהרה דמוי עץ/SD-972-C.webp,products/sd972/roll-1.webp,"סהרה דמוי עץ SD972, החומר מקרוב"
it236,swatch,1,תיקיים קבצים ראשית/עץ אגוז/IT236website.jpg,products/it236/swatch-1.webp,"עץ אגוז IT236, דוגמת הגוון"
it236,roll,1,תיקיים קבצים ראשית/עץ אגוז/IT236-3website.webp,products/it236/roll-1.webp,"עץ אגוז IT236, החומר מקרוב"
it334,swatch,1,תיקיים קבצים ראשית/עץ אלון/IT334website.heic,products/it334/swatch-1.webp,"עץ אלון IT334, דוגמת הגוון"
it334,roll,1,תיקיים קבצים ראשית/עץ אלון/IT334-3website.webp,products/it334/roll-1.webp,"עץ אלון IT334, החומר מקרוב"
it606,swatch,1,תיקיים קבצים ראשית/עץ אפור/IT606website.jpg,products/it606/swatch-1.webp,"עץ אפור IT606, דוגמת הגוון"
it606,roll,1,תיקיים קבצים ראשית/עץ אפור/IT606-3website.webp,products/it606/roll-1.webp,"עץ אפור IT606, החומר מקרוב"
ipw837,swatch,1,תיקיים קבצים ראשית/עץ בוצ_ר/IPW837website.jpg,products/ipw837/swatch-1.webp,"עץ בוצ'ר IPW837, דוגמת הגוון"
ipw837,roll,1,תיקיים קבצים ראשית/עץ בוצ_ר/IPN837-2website.webp,products/ipw837/roll-1.webp,"עץ בוצ'ר IPW837, החומר מקרוב"
it202,swatch,1,תיקיים קבצים ראשית/עץ בוק/IT202website.jpg,products/it202/swatch-1.webp,"עץ בוק IT202, דוגמת הגוון"
it202,roll,1,תיקיים קבצים ראשית/עץ בוק/IT202-3website.webp,products/it202/roll-1.webp,"עץ בוק IT202, החומר מקרוב"
it248,swatch,1,תיקיים קבצים ראשית/עץ דובדבן/IT248website.heic,products/it248/swatch-1.webp,"עץ דובדבן IT248, דוגמת הגוון"
it248,roll,1,תיקיים קבצים ראשית/עץ דובדבן/IT248-3website.webp,products/it248/roll-1.webp,"עץ דובדבן IT248, החומר מקרוב"
it616,swatch,1,תיקיים קבצים ראשית/עץ מהגוני/IT616-website.jpg,products/it616/swatch-1.webp,"עץ מהגוני IT616, דוגמת הגוון"
it616,roll,1,תיקיים קבצים ראשית/עץ מהגוני/IT616-3website.webp,products/it616/roll-1.webp,"עץ מהגוני IT616, החומר מקרוב"
it127,swatch,1,תיקיים קבצים ראשית/עץ עתיק/IT127website.jpg,products/it127/swatch-1.webp,"עץ עתיק IT127, דוגמת הגוון"
it127,roll,1,תיקיים קבצים ראשית/עץ עתיק/IT127-3website.webp,products/it127/roll-1.webp,"עץ עתיק IT127, החומר מקרוב"
it619,swatch,1,תיקיים קבצים ראשית/עץ שחור/IT619website.jpg,products/it619/swatch-1.webp,"עץ שחור IT619, דוגמת הגוון"
it619,roll,1,תיקיים קבצים ראשית/עץ שחור/IT6191-2website.webp,products/it619/roll-1.webp,"עץ שחור IT619, החומר מקרוב"
it232,swatch,1,תיקיים קבצים ראשית/פלטות עץ/IT232website.jpg,products/it232/swatch-1.webp,"פלטות עץ IT232, דוגמת הגוון"
it232,roll,1,תיקיים קבצים ראשית/פלטות עץ/IT232-3website.webp,products/it232/roll-1.webp,"פלטות עץ IT232, החומר מקרוב"
sd876,swatch,1,תיקיים קבצים ראשית/קרם מעושן/876.png,products/sd876/swatch-1.webp,"קרם מעושן SD876, דוגמת הגוון"
sd876,roll,1,תיקיים קבצים ראשית/קרם מעושן/SD-876-C-1.webp,products/sd876/roll-1.webp,"קרם מעושן SD876, החומר מקרוב"
im915,swatch,1,תיקיים קבצים ראשית/קרם פנינה טקסטורה/im915 קרם פנינה.png,products/im915/swatch-1.webp,"קרם פנינה טקסטורה IM915, דוגמת הגוון"
im915,roll,1,תיקיים קבצים ראשית/קרם פנינה טקסטורה/IM-915-C-1.webp,products/im915/roll-1.webp,"קרם פנינה טקסטורה IM915, החומר מקרוב"
sd908,swatch,1,תיקיים קבצים ראשית/שחור מט/SD908website.webp,products/sd908/swatch-1.webp,"שחור מט SD908, דוגמת הגוון"
sd908,roll,1,תיקיים קבצים ראשית/שחור מט/SD-908-C-1.webp,products/sd908/roll-1.webp,"שחור מט SD908, החומר מקרוב"
sd944,swatch,1,תיקיים קבצים ראשית/שחור פסים/SD-944-A.webp,products/sd944/swatch-1.webp,"שחור פסים SD944, דוגמת הגוון"
sd944,roll,1,תיקיים קבצים ראשית/שחור פסים/SD-944-C.webp,products/sd944/roll-1.webp,"שחור פסים SD944, החומר מקרוב"
ip413-12,roll,1,תיקיים קבצים ראשית/שיש עם גידים/IP413-12website.webp,products/ip413-12/roll-1.webp,"שיש עם גידים IP413-12, החומר מקרוב"
sd874,swatch,1,תיקיים קבצים ראשית/שמנת/sd874 שמנת.png,products/sd874/swatch-1.webp,"שמנת SD874, דוגמת הגוון"
sd874,roll,1,תיקיים קבצים ראשית/שמנת/SD-874-C-1.webp,products/sd874/roll-1.webp,"שמנת SD874, החומר מקרוב"
pcr510,swatch,1,תיקיים קבצים ראשית/תכלת מעושן/pcr 510 תכלת מעושן.png,products/pcr510/swatch-1.webp,"תכלת מעושן PCR510, דוגמת הגוון"
pcr510,roll,1,תיקיים קבצים ראשית/תכלת מעושן/PCR-510-C-1.webp,products/pcr510/roll-1.webp,"תכלת מעושן PCR510, החומר מקרוב"
rug-01,main,1,שטיח pvc/שטיח פיויסי אהבה.jpg,products/rug-01/main.webp,שטיח PVC אהבה
rug-02,main,1,שטיח pvc/שטיח פיויסי גיבור על.jpg,products/rug-02/main.webp,שטיח PVC גיבור על
rug-03,main,1,שטיח pvc/שטיח פיויסי חיות בטבע.jpg,products/rug-03/main.webp,שטיח PVC חיות בטבע
rug-04,main,1,שטיח pvc/שטיח פיויסי חמסה.jpg,products/rug-04/main.webp,שטיח PVC חמסה
rug-05,main,1,שטיח pvc/שטיח פיויסי טנקים.jpg,products/rug-05/main.webp,שטיח PVC טנקים
rug-06,main,1,שטיח pvc/שטיח פיויסי טרוורטין 1.jpg,products/rug-06/main.webp,שטיח PVC טרוורטין 1
rug-07,main,1,שטיח pvc/שטיח פיויסי טרוורטין 2.jpg,products/rug-07/main.webp,שטיח PVC טרוורטין 2
rug-08,main,1,שטיח pvc/שטיח פיויסי טרוורטין שמנת.jpg,products/rug-08/main.webp,שטיח PVC טרוורטין שמנת
rug-09,main,1,שטיח pvc/שטיח פיויסי טרופי.jpg,products/rug-09/main.webp,שטיח PVC טרופי
rug-10,main,1,שטיח pvc/שטיח פיויסי טרצו.jpg,products/rug-10/main.webp,שטיח PVC טרצו
rug-11,main,1,שטיח pvc/שטיח פיויסי לוח דמקה.jpg,products/rug-11/main.webp,שטיח PVC לוח דמקה
rug-12,main,1,שטיח pvc/שטיח פיויסי לכניסה אהבה.jpg,products/rug-12/main.webp,שטיח PVC לכניסה אהבה
rug-13,main,1,שטיח pvc/שטיח פיויסי לכניסה גולגולת עם כיתוב דו צדדי תכנס-תלך.jpg,products/rug-13/main.webp,שטיח PVC לכניסה גולגולת עם כיתוב דו צדדי תכנס-תלך
rug-14,main,1,שטיח pvc/שטיח פיויסי לכניסה גיאומטרי.jpg,products/rug-14/main.webp,שטיח PVC לכניסה גיאומטרי
rug-15,main,1,שטיח pvc/שטיח פיויסי לכניסה דמקה.jpg,products/rug-15/main.webp,שטיח PVC לכניסה דמקה
rug-16,main,1,שטיח pvc/שטיח פיויסי לכניסה דשא סינטטי עם כיתוב דו צדדי תכנס-תלך.jpg,products/rug-16/main.webp,שטיח PVC לכניסה דשא סינטטי עם כיתוב דו צדדי תכנס-תלך
rug-17,main,1,שטיח pvc/שטיח פיויסי לכניסה וולקאם.jpg,products/rug-17/main.webp,שטיח PVC לכניסה וולקאם
rug-18,main,1,שטיח pvc/שטיח פיויסי לכניסה עלים.jpg,products/rug-18/main.webp,שטיח PVC לכניסה עלים
rug-19,main,1,שטיח pvc/שטיח פיויסי לכניסה פישבון.jpg,products/rug-19/main.webp,שטיח PVC לכניסה פישבון
rug-20,main,1,שטיח pvc/שטיח פיויסי לכניסה פרסי.jpg,products/rug-20/main.webp,שטיח PVC לכניסה פרסי
rug-21,main,1,שטיח pvc/שטיח פיויסי לכניסה קלאסי.jpg,products/rug-21/main.webp,שטיח PVC לכניסה קלאסי
rug-22,main,1,שטיח pvc/שטיח פיויסי למטבח גיאומטרי.jpg,products/rug-22/main.webp,שטיח PVC למטבח גיאומטרי
rug-23,main,1,שטיח pvc/שטיח פיויסי למטבח טרצו.jpg,products/rug-23/main.webp,שטיח PVC למטבח טרצו
rug-24,main,1,שטיח pvc/שטיח פיויסי למטבח פישבון בהיר.jpg,products/rug-24/main.webp,שטיח PVC למטבח פישבון בהיר
rug-25,main,1,שטיח pvc/שטיח פיויסי למטבח פישבון טבעי.jpg,products/rug-25/main.webp,שטיח PVC למטבח פישבון טבעי
rug-26,main,1,שטיח pvc/שטיח פיויסי למטבח פישבון.jpg,products/rug-26/main.webp,שטיח PVC למטבח פישבון
rug-27,main,1,שטיח pvc/שטיח פיויסי למטבח פרקט.jpg,products/rug-27/main.webp,שטיח PVC למטבח פרקט
rug-28,main,1,שטיח pvc/שטיח פיויסי למטבח קלאסי.jpg,products/rug-28/main.webp,שטיח PVC למטבח קלאסי
rug-29,main,1,שטיח pvc/שטיח פיויסי למטבח שיש עם נגיעות זהב.jpg,products/rug-29/main.webp,שטיח PVC למטבח שיש עם נגיעות זהב
rug-30,main,1,שטיח pvc/שטיח פיויסי מבוך.jpg,products/rug-30/main.webp,שטיח PVC מבוך
rug-31,main,1,שטיח pvc/שטיח פיויסי משחק קלאס.jpg,products/rug-31/main.webp,שטיח PVC משחק קלאס
rug-32,main,1,שטיח pvc/שטיח פיויסי סולמות ונחשים.jpg,products/rug-32/main.webp,שטיח PVC סולמות ונחשים
rug-33,main,1,שטיח pvc/שטיח פיויסי עולם בדרכים.png,products/rug-33/main.webp,שטיח PVC עולם בדרכים
rug-34,main,1,שטיח pvc/שטיח פיויסי עלים.jpg,products/rug-34/main.webp,שטיח PVC עלים
rug-35,main,1,שטיח pvc/שטיח פיויסי פישבון.jpg,products/rug-35/main.webp,שטיח PVC פישבון
rug-36,main,1,שטיח pvc/שטיח פיויסי פרסי.jpg,products/rug-36/main.webp,שטיח PVC פרסי
rug-37,main,1,שטיח pvc/שטיח פיויסי קלאסי.jpg,products/rug-37/main.webp,שטיח PVC קלאסי
rug-38,main,1,שטיח pvc/שטיח פיויסי קשת בענן.jpg,products/rug-38/main.webp,שטיח PVC קשת בענן
rug-39,main,1,שטיח pvc/שטיח פיויסי שלווה.jpg,products/rug-39/main.webp,שטיח PVC שלווה
