product_handle,variant_key,title,price,image_path,sort_order,is_active,shopify_variant_id
door-diagonals,v1,אפור אלכסונים ניקל,305,products/door-diagonals/v1.webp,1,true,
door-diagonals,v2,אפור אלכסונים שחורים,305,products/door-diagonals/v2.webp,2,true,
door-diagonals,v3,אפור בהיר אלכסונים פסים שחורים,305,products/door-diagonals/v3.webp,3,true,
door-diagonals,v4,אפור בהיר גאומטרי שחור,305,products/door-diagonals/v4.webp,4,true,
door-diagonals,v5,אפור בטון בהיר אלכסונים,305,products/door-diagonals/v5.webp,5,true,
door-diagonals,v6,אפור כהה אלכסונים עבים,305,products/door-diagonals/v6.webp,6,true,
door-diagonals,v7,לבן אלכסונים ניקל,305,products/door-diagonals/v7.webp,7,true,
door-four-nickel-strips,v1,אפור 4 פסי ניקל,305,products/door-four-nickel-strips/v1.webp,1,true,
door-four-nickel-strips,v2,אפור בהיר 4 פסים ניקל,305,products/door-four-nickel-strips/v2.webp,2,true,
door-four-nickel-strips,v3,כחול כהה 4 פסי ניקל,305,products/door-four-nickel-strips/v3.webp,3,true,
door-four-nickel-strips,v4,לבן 4 פסי ניקל מדורג,305,products/door-four-nickel-strips/v4.webp,4,true,
door-four-nickel-strips,v5,לבן 4 פסי ניקל,305,products/door-four-nickel-strips/v5.webp,5,true,
door-four-nickel-strips,v6,שחור 4 פסי ניקל,305,products/door-four-nickel-strips/v6.webp,6,true,
door-four-nickel-strips,v7,שמנת 4 פסים ניקל,305,products/door-four-nickel-strips/v7.webp,7,true,
door-bari,v1,בארי חלון חלבי,305,products/door-bari/v1.webp,1,true,
door-bari,v2,בארי חלון לבן,305,products/door-bari/v2.webp,2,true,
door-soft-recess,v1,לבן דמוי 4 פסים שקועים,305,products/door-soft-recess/v1.webp,1,true,
door-soft-recess,v2,לבן דמוי מסגרת שקועה,305,products/door-soft-recess/v2.webp,2,true,
door-soft-recess,v3,לבן דמוי פסים שקועים אנכי,305,products/door-soft-recess/v3.webp,3,true,
door-hawaii,v1,הוואי אפור קר,305,products/door-hawaii/v1.webp,1,true,
door-hawaii,v2,הוואי לבן,305,products/door-hawaii/v2.webp,2,true,
door-hawaii,v3,הוואי קרם,305,products/door-hawaii/v3.webp,3,true,
door-hawaii,v4,הוואי שחור,305,products/door-hawaii/v4.webp,4,true,
door-hawaii,v5,הוואי שמנת,305,products/door-hawaii/v5.webp,5,true,
door-hawaii,v6,הוואי תכלת עם דמוי ידית,305,products/door-hawaii/v6.webp,6,true,
door-illustrated,v1,מאוייר אפור בהיר,305,products/door-illustrated/v1.webp,1,true,
door-illustrated,v2,מאוייר אפור סגלגל,305,products/door-illustrated/v2.webp,2,true,
door-illustrated,v3,מאוייר אפור קר,305,products/door-illustrated/v3.webp,3,true,
door-illustrated,v4,מאוייר חום,305,products/door-illustrated/v4.webp,4,true,
door-illustrated,v5,מאוייר לבן,305,products/door-illustrated/v5.webp,5,true,
door-illustrated,v6,מאוייר קרם,305,products/door-illustrated/v6.webp,6,true,
door-illustrated,v7,מאוייר שחור,305,products/door-illustrated/v7.webp,7,true,
door-illustrated,v8,מאוייר שמנת,305,products/door-illustrated/v8.webp,8,true,
door-monaco,v1,מונקו אפור קר,305,products/door-monaco/v1.webp,1,true,
door-monaco,v2,מונקו לבן,305,products/door-monaco/v2.webp,2,true,
door-monaco,v3,מונקו קרם,305,products/door-monaco/v3.webp,3,true,
door-monaco,v4,מונקו שחור,305,products/door-monaco/v4.webp,4,true,
door-monaco,v5,מונקו שמנת,305,products/door-monaco/v5.webp,5,true,
door-milano,v1,מילאנו אפור,305,products/door-milano/v1.webp,1,true,
door-milano,v2,מילאנו לבן,305,products/door-milano/v2.webp,2,true,
door-milano,v3,מילאנו שמנת,305,products/door-milano/v3.webp,3,true,
door-beige-frames,v1,מסגרות בז אפרפר מעוטר רחב,305,products/door-beige-frames/v1.webp,1,true,
door-beige-frames,v2,מסגרות בז אפרפר מעוטר,305,products/door-beige-frames/v2.webp,2,true,
door-beige-frames,v3,מסגרות בז אפרפר עם חלון,305,products/door-beige-frames/v3.webp,3,true,
door-beige-frames,v4,מסגרות בז אפרפר,305,products/door-beige-frames/v4.webp,4,true,
door-recessed-frames,v1,אפור מסגרות שקוע,305,products/door-recessed-frames/v1.webp,1,true,
door-recessed-frames,v2,לבן מסגרות שקוע,305,products/door-recessed-frames/v2.webp,2,true,
door-recessed-frames,v3,מסגרת אורך אפור בהיר,305,products/door-recessed-frames/v3.webp,3,true,
door-3d-frames,v1,מסגרות אפור,305,products/door-3d-frames/v1.webp,1,true,
door-3d-frames,v2,מסגרות לבן,305,products/door-3d-frames/v2.webp,2,true,
door-3d-frames,v3,מסגרות קרניזים,305,products/door-3d-frames/v3.webp,3,true,
door-3d-frames,v4,מסגרת הפוכה,305,products/door-3d-frames/v4.webp,4,true,
door-3d-frames,v5,שלכת בלבן,305,products/door-3d-frames/v5.webp,5,true,
door-white-designs,v1,לבן חלון זהב עם דמוי ידית,305,products/door-white-designs/v1.webp,1,true,
door-white-designs,v2,לבן חלון מעוטר,305,products/door-white-designs/v2.webp,2,true,
door-white-designs,v3,לבן מסגרות,305,products/door-white-designs/v3.webp,3,true,
door-white-designs,v4,לבן פסים שחורים מקבילים,305,products/door-white-designs/v4.webp,4,true,
door-white-designs,v5,לבן פסים שחורים רוחבי אסימטרי,305,products/door-white-designs/v5.webp,5,true,
door-white-designs,v6,לבן פרחים תלת מימד,305,products/door-white-designs/v6.webp,6,true,
door-white-designs,v7,לבן ריבועים,305,products/door-white-designs/v7.webp,7,true,
door-white-designs,v8,לבן שירז,305,products/door-white-designs/v8.webp,8,true,
door-napoli,v1,נאפולי אפור קר,305,products/door-napoli/v1.webp,1,true,
door-napoli,v2,נאפולי אפור,305,products/door-napoli/v2.webp,2,true,
door-napoli,v3,נאפולי חום,305,products/door-napoli/v3.webp,3,true,
door-napoli,v4,נאפולי חלון תכלת,305,products/door-napoli/v4.webp,4,true,
door-napoli,v5,נאפולי לבן,305,products/door-napoli/v5.webp,5,true,
door-napoli,v6,נאפולי קרם,305,products/door-napoli/v6.webp,6,true,
door-napoli,v7,נאפולי שחור,305,products/door-napoli/v7.webp,7,true,
door-napoli,v8,נאפולי שמנת,305,products/door-napoli/v8.webp,8,true,
door-noam,v1,נועם כחול,305,products/door-noam/v1.webp,1,true,
door-noam,v2,נועם שמנת,305,products/door-noam/v2.webp,2,true,
door-geometric-wood,v1,עץ מעויין,305,products/door-geometric-wood/v1.webp,1,true,
door-geometric-wood,v2,עץ משולשים אפור,305,products/door-geometric-wood/v2.webp,2,true,
door-geometric-wood,v3,עץ משולשים,305,products/door-geometric-wood/v3.webp,3,true,
door-modern-wood,v1,עץ פסים אנכי,305,products/door-modern-wood/v1.webp,1,true,
door-modern-wood,v2,עץ פסים רוחבי,305,products/door-modern-wood/v2.webp,2,true,
door-modern-wood,v3,עץ פסים רחבים רוחבי,305,products/door-modern-wood/v3.webp,3,true,
door-modern-wood,v4,פלטות עץ טבעי,305,products/door-modern-wood/v4.webp,4,true,
door-modern-wood,v5,פלטות עץ רוחבי,305,products/door-modern-wood/v5.webp,5,true,
door-modern-wood,v6,שחור פסים רוחבי עם פלטה שחורה,305,products/door-modern-wood/v6.webp,6,true,
door-modern-wood,v7,שחור פסים רוחבי,305,products/door-modern-wood/v7.webp,7,true,
door-firenze,v1,פירנצה אפור בהיר,305,products/door-firenze/v1.webp,1,true,
door-firenze,v2,פירנצה אפור כהה,305,products/door-firenze/v2.webp,2,true,
door-firenze,v3,פירנצה אפור קר,305,products/door-firenze/v3.webp,3,true,
door-firenze,v4,פירנצה כחול,305,products/door-firenze/v4.webp,4,true,
door-firenze,v5,פירנצה קרם,305,products/door-firenze/v5.webp,5,true,
door-firenze,v6,פירנצה שחור,305,products/door-firenze/v6.webp,6,true,
door-firenze,v7,פירנצה שמנת,305,products/door-firenze/v7.webp,7,true,
door-vertical-strips,v1,אפור 3 פסים לאורך,305,products/door-vertical-strips/v1.webp,1,true,
door-vertical-strips,v2,לבן 3 פסים לאורך,305,products/door-vertical-strips/v2.webp,2,true,
door-close-strips,v1,אפור פסים צמודים,305,products/door-close-strips/v1.webp,1,true,
door-close-strips,v2,לבן פסים צמודים,305,products/door-close-strips/v2.webp,2,true,
door-floral,v1,אפור קר פרחים,305,products/door-floral/v1.webp,1,true,
door-floral,v2,לבן פרחים,305,products/door-floral/v2.webp,2,true,
door-floral,v3,שחור פרחים,305,products/door-floral/v3.webp,3,true,
door-floral,v4,שמנת פרחים,305,products/door-floral/v4.webp,4,true,
door-roma,v1,רומא אפור קר,305,products/door-roma/v1.webp,1,true,
door-roma,v2,רומא לבן,305,products/door-roma/v2.webp,2,true,
door-roma,v3,רומא קרם,305,products/door-roma/v3.webp,3,true,
door-roma,v4,רומא שמנת כהה,305,products/door-roma/v4.webp,4,true,
door-roma,v5,רומא שמנת,305,products/door-roma/v5.webp,5,true,
door-three-stepped-strips,v1,אפור 3 פסים מדורג,305,products/door-three-stepped-strips/v1.webp,1,true,
door-three-stepped-strips,v2,אפור קר 3 פסים מדורג,305,products/door-three-stepped-strips/v2.webp,2,true,
door-three-stepped-strips,v3,לבן 3 פסים מדורג שחור,305,products/door-three-stepped-strips/v3.webp,3,true,
door-three-stepped-strips,v4,לבן 3 פסים מדורג,305,products/door-three-stepped-strips/v4.webp,4,true,
door-three-stepped-strips,v5,תכלת 3 פסים מדורג,305,products/door-three-stepped-strips/v5.webp,5,true,
door-grey-stepped-chains,v1,אפור מדורג שרשראות,305,products/door-grey-stepped-chains/v1.webp,1,true,
door-cool-grey-frames,v1,אפור קר מסגרות,305,products/door-cool-grey-frames/v1.webp,1,true,
door-beige-two-black-strips,v1,בז' 2 פסים שחורים,305,products/door-beige-two-black-strips/v1.webp,1,true,
door-havana-cream,v1,הוואנה שמנת,305,products/door-havana-cream/v1.webp,1,true,
door-london-dark-grey,v1,לונדון אפור כהה,305,products/door-london-dark-grey/v1.webp,1,true,
door-purple-friends,v1,סגול חברים,305,products/door-purple-friends/v1.webp,1,true,
door-wood-flowers,v1,עץ פרחים,305,products/door-wood-flowers/v1.webp,1,true,
door-black-two-nickel-strips,v1,שחור 2 פסי ניקל,305,products/door-black-two-nickel-strips/v1.webp,1,true,
