slug,title,addon_type,price,applies_to,description,image_source,image_path,is_active,sort_order,shopify_variant_id
squeegee,קלף,diy_tool,,{all},קלף להחלקת הטפט ולהוצאת בועות אוויר בזמן ההדבקה.,,,true,1,
knife,סכין יפנית,diy_tool,,{all},"סכין יפנית לחיתוך מדויק של הטפט בקצוות, בפינות וסביב ידיות.",,,true,2,
blades,סכינים להחלפה,diy_tool,,{all},להבים להחלפה לסכין היפנית. להב חד נותן חיתוך נקי בלי לקרוע את הטפט.,,,true,3,
silicone,סיליקון לחיפוי שיש,diy_tool,,{countertop},"סיליקון לסגירת החיבור בין הטפט לקיר ולכיור, כדי שמים לא ייכנסו מתחת לציפוי.",,,true,4,
strips-01,2 פסי ניקל לרוחב,door_strips,,{door},תוספת לדלת: 2 פסי ניקל לרוחב.,תיקיים קבצים ראשית/אופציות לפסי אלומיניום/2 פסי ניקל לרוחב.png,addons/strips-01.webp,true,5,
strips-02,2 פסים לאורך,door_strips,,{door},תוספת לדלת: 2 פסים לאורך.,תיקיים קבצים ראשית/אופציות לפסי אלומיניום/2 פסים לאורך.png,addons/strips-02.webp,true,6,
strips-03,2 פסים מדורגים,door_strips,,{door},תוספת לדלת: 2 פסים מדורגים.,תיקיים קבצים ראשית/אופציות לפסי אלומיניום/2 פסים מדורגים.png,addons/strips-03.webp,true,7,
strips-04,3 פסי ניקל לרוחב,door_strips,,{door},תוספת לדלת: 3 פסי ניקל לרוחב.,תיקיים קבצים ראשית/אופציות לפסי אלומיניום/3 פסי ניקל לרוחב.png,addons/strips-04.webp,true,8,
strips-05,3 פסים לאורך,door_strips,,{door},תוספת לדלת: 3 פסים לאורך.,תיקיים קבצים ראשית/אופציות לפסי אלומיניום/3 פסים לאורך.png,addons/strips-05.webp,true,9,
strips-06,3 פסים מדורג,door_strips,,{door},תוספת לדלת: 3 פסים מדורג.,תיקיים קבצים ראשית/אופציות לפסי אלומיניום/3 פסים מדורג.png,addons/strips-06.webp,true,10,
strips-07,4 פסי ניקל לרוחב,door_strips,,{door},תוספת לדלת: 4 פסי ניקל לרוחב.,תיקיים קבצים ראשית/אופציות לפסי אלומיניום/4 פסי ניקל לרוחב.png,addons/strips-07.webp,true,11,
strips-08,אלכסונים,door_strips,,{door},תוספת לדלת: אלכסונים.,תיקיים קבצים ראשית/אופציות לפסי אלומיניום/אלכסונים.png,addons/strips-08.webp,true,12,
strips-09,פס ניקל,door_strips,,{door},תוספת לדלת: פס ניקל.,תיקיים קבצים ראשית/אופציות לפסי אלומיניום/פס ניקל.png,addons/strips-09.webp,true,13,
strips-10,פסי ניקל אופקי,door_strips,,{door},תוספת לדלת: פסי ניקל אופקי.,תיקיים קבצים ראשית/אופציות לפסי אלומיניום/פסי ניקל אופקי.png,addons/strips-10.webp,true,14,
door-number,מספר לדלת,door_accessory,,{door},"מספר דירה לדלת, משלים את המראה החדש.",,,true,15,
installation,התקנה מקצועית,service,500,{all},מתקין של סולודור מגיע אליכם ומדביק את הטפט. המחיר נוסף על מחיר החומר.,,,true,16,
sample,דוגמית לבית,sample,,{all},"דוגמית של הגוון נשלחת אליכם הביתה, כדי לראות את הצבע והטקסטורה לפני שמזמינים.",,,true,17,
