slug,title,body,product_types,sort_order
shipping,משלוחים,"משלוח עד הבית לכל הארץ. עלות המשלוח וזמן האספקה מוצגים בקופה, לפני התשלום.

הטפט נשלח מגולגל באריזה קשיחה, כדי שיגיע בלי קפלים.

הזמנתם גם התקנה? נתאם איתכם מועד בטלפון או בווצאפ אחרי ההזמנה.","{wallpaper,designed_door,pvc_rug}",1
returns,החזרות והחלפות,"טפט שנחתך לפי המידה שהזמנתם מיוצר במיוחד עבורכם, ולכן אי אפשר להחזיר או להחליף אותו.

לא בטוחים בגוון? הזמינו דוגמית לפני הרכישה, כדי לראות את הצבע והטקסטורה בבית.

קיבלתם מוצר פגום או שונה ממה שהזמנתם? שלחו לנו תמונה בווצאפ ונטפל בזה.","{wallpaper,designed_door}",2
returns-rugs,החזרות והחלפות,"השטיח מיוצר בהתאם להזמנה, ולכן ביטול, החזרה או החלפה כפופים למדיניות הביטולים וההחזרות של SoloFloor.",{pvc_rug},3
