scope,sort_order,question,answer
door,1,כמה חומר צריך לדלת?,יחידה אחת מכסה צד אחד של דלת בגודל רגיל. כדי לחדש את שני הצדדים מזמינים שתי יחידות.
door,2,צריך לפרק את הידית?,מומלץ לפרק את הידית ואת העינית לפני ההדבקה ולהחזיר אותן בסיום. כך הטפט יוצא חלק ורציף.
door,3,זה מתאים גם לדלת כניסה וגם לדלת פנים?,"כן. הטפט נדבק על כל דלת עם משטח חלק, נקי ויבש."
door,4,אפשר להדביק לבד?,"כן. הטפט מגיע בהדבקה עצמית, ומדביקים אותו על הדלת עם קלף וסכין יפנית. עובדים לאט, מהמרכז החוצה, ומחליקים בועות לכיוון הקצוות."
door,5,המחיר כולל התקנה?,"לא. המחיר הוא לחומר בלבד. מי שמעדיף מתקין יכול לסמן התקנה מקצועית בהזמנה, בתוספת 490 ש""ח להזמנה."
door,6,אפשר לראות את הגוון לפני שמזמינים?,כן. אפשר להזמין דוגמית לבית ולראות את הצבע והטקסטורה באור של הבית שלכם.
door,7,איך מנקים את הטפט?,ניקוי עדין במטלית לחה. כדאי להימנע מסקוטש מחוספס ומחומרים שורטים.
kitchen,1,כמה חומר צריך למטבח?,"מודדים גובה ורוחב של כל חזית, מחברים ומוסיפים כ-10% רזרבה. רוחב הגליל הוא 122 ס""מ."
kitchen,2,הטפט מחזיק בתנאים של מטבח?,"כן. הציפוי מיועד לשימוש יומיומי במטבח, כולל חום ורטיבות."
kitchen,3,צריך לפרק את הדלתות של הארונות?,"לא חובה. מספיק לפרק את הידיות, ולהדביק חזית אחרי חזית."
kitchen,4,אפשר להדביק לבד?,"כן. הטפט מגיע בהדבקה עצמית, ומדביקים אותו על חזיתות המטבח עם קלף וסכין יפנית. עובדים לאט, מהמרכז החוצה, ומחליקים בועות לכיוון הקצוות."
kitchen,5,המחיר כולל התקנה?,"לא. המחיר הוא לחומר בלבד, וההדבקה נעשית בעצמכם. אפשר להוסיף להזמנה את כלי העבודה הדרושים, ואם יש שאלות נשמח לעזור בוואטסאפ ובטלפון."
kitchen,6,אפשר לראות את הגוון לפני שמזמינים?,כן. אפשר להזמין דוגמית לבית ולראות את הצבע והטקסטורה באור של הבית שלכם.
kitchen,7,איך מנקים את הטפט?,ניקוי עדין במטלית לחה. כדאי להימנע מסקוטש מחוספס ומחומרים שורטים.
fridge,1,כמה חומר צריך למקרר?,"מודדים גובה ורוחב של כל דלת וכל צד שרוצים לכסות, ומוסיפים כ-10% רזרבה. רוחב הגליל הוא 122 ס""מ."
fridge,2,איך מכינים את המקרר להדבקה?,"מנקים היטב את המשטח משומן ומאבק ומייבשים. אם אפשר, מפרקים את הידיות לפני ההדבקה."
fridge,3,אפשר לכסות רק את הדלתות?,"כן. אפשר לכסות רק את החזית, או גם את הצדדים הגלויים של המקרר."
fridge,4,אפשר להדביק לבד?,"כן. הטפט מגיע בהדבקה עצמית, ומדביקים אותו על המקרר עם קלף וסכין יפנית. עובדים לאט, מהמרכז החוצה, ומחליקים בועות לכיוון הקצוות."
fridge,5,המחיר כולל התקנה?,"לא. המחיר הוא לחומר בלבד, וההדבקה נעשית בעצמכם. אפשר להוסיף להזמנה את כלי העבודה הדרושים, ואם יש שאלות נשמח לעזור בוואטסאפ ובטלפון."
fridge,6,אפשר לראות את הגוון לפני שמזמינים?,כן. אפשר להזמין דוגמית לבית ולראות את הצבע והטקסטורה באור של הבית שלכם.
fridge,7,איך מנקים את הטפט?,ניקוי עדין במטלית לחה. כדאי להימנע מסקוטש מחוספס ומחומרים שורטים.
countertop,1,כמה חומר צריך למשטח השיש?,"מודדים אורך ועומק של המשטח כולל הקנט הקדמי, ומוסיפים כ-10% רזרבה. רוחב הגליל הוא 122 ס""מ."
countertop,2,למה צריך סיליקון?,"הסיליקון סוגר את החיבור בין הטפט לקיר ולכיור, כדי שמים לא ייכנסו מתחת לציפוי."
countertop,3,אפשר להניח סיר חם על המשטח?,"מומלץ להשתמש בתחתית לסירים ובקרש חיתוך, כמו בכל משטח עבודה, כדי לשמור על הציפוי לאורך זמן."
countertop,4,אפשר להדביק לבד?,"כן. הטפט מגיע בהדבקה עצמית, ומדביקים אותו על משטח השיש עם קלף וסכין יפנית. עובדים לאט, מהמרכז החוצה, ומחליקים בועות לכיוון הקצוות."
countertop,5,המחיר כולל התקנה?,"לא. המחיר הוא לחומר בלבד, וההדבקה נעשית בעצמכם. אפשר להוסיף להזמנה את כלי העבודה הדרושים, ואם יש שאלות נשמח לעזור בוואטסאפ ובטלפון."
countertop,6,אפשר לראות את הגוון לפני שמזמינים?,כן. אפשר להזמין דוגמית לבית ולראות את הצבע והטקסטורה באור של הבית שלכם.
countertop,7,איך מנקים את הטפט?,ניקוי עדין במטלית לחה. כדאי להימנע מסקוטש מחוספס ומחומרים שורטים.
wall,1,כמה חומר צריך לקיר?,"מודדים רוחב וגובה של הקיר ומחשבים כמה רצועות צריך. רוחב הגליל הוא 122 ס""מ. מוסיפים כ-10% רזרבה."
wall,2,על איזה קיר אפשר להדביק?,"על קיר חלק, נקי ויבש. קיר מחוספס או מתקלף צריך החלקה לפני ההדבקה."
wall,3,איך מחברים בין רצועות?,"מדביקים רצועה אחרי רצועה מלמעלה למטה, ומצמידים את הרצועות זו לזו בקו ישר."
wall,4,אפשר להדביק לבד?,"כן. הטפט מגיע בהדבקה עצמית, ומדביקים אותו על הקיר עם קלף וסכין יפנית. עובדים לאט, מהמרכז החוצה, ומחליקים בועות לכיוון הקצוות."
wall,5,המחיר כולל התקנה?,"לא. המחיר הוא לחומר בלבד, וההדבקה נעשית בעצמכם. אפשר להוסיף להזמנה את כלי העבודה הדרושים, ואם יש שאלות נשמח לעזור בוואטסאפ ובטלפון."
wall,6,אפשר לראות את הגוון לפני שמזמינים?,כן. אפשר להזמין דוגמית לבית ולראות את הצבע והטקסטורה באור של הבית שלכם.
wall,7,איך מנקים את הטפט?,ניקוי עדין במטלית לחה. כדאי להימנע מסקוטש מחוספס ומחומרים שורטים.
electric-cabinet,1,כמה חומר צריך לארון חשמל?,מודדים גובה ורוחב של דלת הארון ומוסיפים כמה סנטימטרים לכל צד לקיפול.
electric-cabinet,2,הארון נשאר נגיש אחרי ההדבקה?,"כן. מדביקים על הדלת של הארון בלבד, והיא נפתחת ונסגרת כרגיל."
electric-cabinet,3,אפשר להתאים את הארון לדלת הכניסה?,"כן. אפשר להזמין את אותו גוון לדלת ולארון החשמל, כדי שהכניסה תיראה אחידה."
electric-cabinet,4,אפשר להדביק לבד?,"כן. הטפט מגיע בהדבקה עצמית, ומדביקים אותו על דלת הארון עם קלף וסכין יפנית. עובדים לאט, מהמרכז החוצה, ומחליקים בועות לכיוון הקצוות."
electric-cabinet,5,המחיר כולל התקנה?,"לא. המחיר הוא לחומר בלבד, וההדבקה נעשית בעצמכם. אפשר להוסיף להזמנה את כלי העבודה הדרושים, ואם יש שאלות נשמח לעזור בוואטסאפ ובטלפון."
electric-cabinet,6,אפשר לראות את הגוון לפני שמזמינים?,כן. אפשר להזמין דוגמית לבית ולראות את הצבע והטקסטורה באור של הבית שלכם.
electric-cabinet,7,איך מנקים את הטפט?,ניקוי עדין במטלית לחה. כדאי להימנע מסקוטש מחוספס ומחומרים שורטים.
designed_door,1,מה ההבדל בין טפט מעוצב לטפט חלק?,"טפט מעוצב מודפס עם דוגמה, מסגרות או פסים ואפקט עומק תלת ממדי. טפט חלק הוא גוון או טקסטורה אחידים."
designed_door,2,כמה חומר צריך לדלת?,יחידה אחת מכסה צד אחד של דלת בגודל רגיל. כדי לחדש את שני הצדדים מזמינים שתי יחידות.
designed_door,3,צריך לפרק את הידית?,מומלץ לפרק את הידית ואת העינית לפני ההדבקה ולהחזיר אותן בסיום.
designed_door,4,אפשר להדביק לבד?,"כן. הטפט מגיע בהדבקה עצמית, ומדביקים אותו על הדלת עם קלף וסכין יפנית. עובדים לאט, מהמרכז החוצה, ומחליקים בועות לכיוון הקצוות."
designed_door,5,המחיר כולל התקנה?,"לא. המחיר הוא לחומר בלבד. מי שמעדיף מתקין יכול לסמן התקנה מקצועית בהזמנה, בתוספת 490 ש""ח להזמנה."
designed_door,6,איך מנקים את הטפט?,ניקוי עדין במטלית לחה. כדאי להימנע מסקוטש מחוספס ומחומרים שורטים.
pvc_rug,1,איך מנקים את השטיח?,"לניקוי שוטף מספיק בדרך כלל לנגב במטלית לחה ובמים. אין להשתמש באקונומיקה, בחומרים המכילים אלכוהול, במסירי שומנים חריפים או בסקוטש מחוספס."
pvc_rug,2,האם השטיח מתאים למטבח?,"כן. משטח ה-PVC אינו סופג נוזלים וקל לניקוי, ולכן הוא מתאים במיוחד למטבח ולאזורים שבהם יש לכלוך והתזות."
pvc_rug,3,האם השטיח מחליק?,"רמת האחיזה של השטיח תלויה בסוג הרצפה ובמצבה. מומלץ להניח אותו על משטח ישר, נקי ויבש."
pvc_rug,4,מה עובי השטיח?,"עובי השטיח הוא 2.5 מ""מ, כך שהוא בעל פרופיל דק ונשאר שטוח על הרצפה."
pvc_rug,5,האם הוא מתאים לילדים ולחיות מחמד?,"כן. המשטח אינו סופג נוזלים וקל לניקוי, ולכן הוא נוח במיוחד לבתים עם ילדים וחיות מחמד."
pvc_rug,6,אפשר להזמין מידה אישית?,"כן. בנוסף למידות הקבועות, אפשר לבדוק אפשרות לייצור במידה אישית בהתאם למגבלות הייצור."
pvc_rug,7,האם הצבע יהיה בדיוק כמו בתמונה?,ייתכנו הבדלים קלים בגוון ובבהירות בין התצוגה במסך לבין המוצר המודפס בפועל.
pvc_rug,8,אפשר להחזיר או להחליף?,"השטיח מיוצר בהתאם להזמנה, ולכן ביטול, החזרה או החלפה כפופים למדיניות הביטולים וההחזרות של SoloFloor."
